Ano,Perfil da Carga,Grupo de Mercadoria (SH2),País de Origem,UF de Origem,Cidade de Origem,Instalação de Origem,País de Destino,UF de Destino,Cidade de Destino,Instalação de Destino,TKU (t x km)
2025,Carga Conteinerizada,CT-Contêineres,Brasil,AM,Itacoatiara,IP4 Itacoatiara,Brasil,PR,Paranaguá,Paranaguá,4213386.57235
2025,Carga Conteinerizada,CT-Contêineres,Brasil,AM,Itacoatiara,Terminais Fluviais do Brasil,Brasil,CE,São Gonçalo do Amarante,Terminal Portuário do Pecém,725465.8534
2025,Carga Conteinerizada,CT-Contêineres,Brasil,AM,Manaus,Manaus,Brasil,SP,Guarujá,Santos,8332538649.40101
2025,Carga Conteinerizada,CT-Contêineres,Brasil,AM,Manaus,Manaus,Brasil,BA,Salvador,Salvador,1600854068.698039
2025,Carga Conteinerizada,CT-Contêineres,Brasil,AM,Manaus,Manaus,Brasil,RJ,Itaguaí,Itaguaí,1560549752.17456
2025,Carga Conteinerizada,CT-Contêineres,Brasil,AM,Manaus,Manaus,Brasil,PE,Ipojuca,Suape,1260810395.95674
2025,Carga Conteinerizada,CT-Contêineres,Brasil,AM,Manaus,Manaus,Brasil,CE,São Gonçalo do Amarante,Terminal Portuário do Pecém,1021593753.77254
2025,Carga Conteinerizada,CT-Contêineres,Brasil,AM,Manaus,Manaus,Brasil,PR,Paranaguá,Paranaguá,553775751.1358
2025,Carga Conteinerizada,CT-Contêineres,Brasil,AM,Manaus,Manaus,Brasil,SC,Imbituba,Imbituba,354702792.8412001
2025,Carga Conteinerizada,CT-Contêineres,Brasil,AM,Manaus,Manaus,Brasil,SC,Itajaí,Itajaí,254052124.7752804
2025,Carga Conteinerizada,CT-Contêineres,Brasil,AM,Manaus,Manaus,Brasil,RS,Rio Grande,Rio Grande,148533785.0879999
2025,Carga Conteinerizada,CT-Contêineres,Brasil,AM,Manaus,Manaus,Brasil,ES,Vitória,Vitória,76819084.28038
2025,Carga Conteinerizada,CT-Contêineres,Brasil,AM,Manaus,Manaus,Brasil,RJ,Rio de Janeiro,Rio de Janeiro,14514323.6667
2025,Carga Conteinerizada,CT-Contêineres,Brasil,AM,Manaus,Manaus,Brasil,CE,Fortaleza,Fortaleza,526684.78
2025,Carga Conteinerizada,CT-Contêineres,Brasil,AM,Manaus,Porto Chibatão,Brasil,SP,Santos,DP World Santos,3139644490.478899
2025,Carga Conteinerizada,CT-Contêineres,Brasil,AM,Manaus,Porto Chibatão,Brasil,SC,Itapoá,Porto Itapoá Terminais Portuários,642846680.1023196
2025,Carga Conteinerizada,CT-Contêineres,Brasil,AM,Manaus,Porto Chibatão,Brasil,RJ,Rio de Janeiro,Rio de Janeiro,614829213.9204199
2025,Carga Conteinerizada,CT-Contêineres,Brasil,AM,Manaus,Porto Chibatão,Brasil,SC,Imbituba,Imbituba,235394.78
2025,Carga Conteinerizada,CT-Contêineres,Brasil,AM,Manaus,Terminal Aquaviário de Manaus,Brasil,SC,Navegantes,Portonave - Terminais Portuários de Navegantes,779620095.2631465
2025,Carga Conteinerizada,CT-Contêineres,Brasil,BA,Salvador,Salvador,Brasil,AM,Manaus,Porto Chibatão,933586360.8531915
2025,Carga Conteinerizada,CT-Contêineres,Brasil,BA,Salvador,Salvador,Brasil,SP,Guarujá,Santos,626647031.356523
2025,Carga Conteinerizada,CT-Contêineres,Brasil,BA,Salvador,Salvador,Brasil,SP,Santos,DP World Santos,504394586.7356002
2025,Carga Conteinerizada,CT-Contêineres,Brasil,BA,Salvador,Salvador,Brasil,SC,Navegantes,Portonave - Terminais Portuários de Navegantes,276021744.476939
2025,Carga Conteinerizada,CT-Contêineres,Brasil,BA,Salvador,Salvador,Brasil,CE,São Gonçalo do Amarante,Terminal Portuário do Pecém,195437733.3457401
2025,Carga Conteinerizada,CT-Contêineres,Brasil,BA,Salvador,Salvador,Brasil,SC,Itapoá,Porto Itapoá Terminais Portuários,191455082.8450199
2025,Carga Conteinerizada,CT-Contêineres,Brasil,BA,Salvador,Salvador,Brasil,RS,Rio Grande,Rio Grande,183022899.4998
2025,Carga Conteinerizada,CT-Contêineres,Brasil,BA,Salvador,Salvador,Brasil,PA,Barcarena,Vila do Conde,153535371.9200994
2025,Carga Conteinerizada,CT-Contêineres,Brasil,BA,Salvador,Salvador,Brasil,SC,Imbituba,Imbituba,79343990.17796995
2025,Carga Conteinerizada,CT-Contêineres,Brasil,BA,Salvador,Salvador,Brasil,PE,Ipojuca,Suape,60245507.62298999
2025,Carga Conteinerizada,CT-Contêineres,Brasil,BA,Salvador,Salvador,Brasil,RJ,Itaguaí,Itaguaí,57607874.13847001
2025,Carga Conteinerizada,CT-Contêineres,Brasil,BA,Salvador,Salvador,Brasil,RJ,Rio de Janeiro,Rio de Janeiro,34452567.026
2025,Carga Conteinerizada,CT-Contêineres,Brasil,BA,Salvador,Salvador,Brasil,PR,Paranaguá,Paranaguá,25052036.7097
2025,Carga Conteinerizada,CT-Contêineres,Brasil,BA,Salvador,Salvador,Brasil,SC,Itajaí,Itajaí,4223251.73754
2025,Carga Conteinerizada,CT-Contêineres,Brasil,BA,Salvador,Salvador,Brasil,ES,Vitória,Vitória,1030693.35
2025,Carga Conteinerizada,CT-Contêineres,Brasil,BA,Salvador,Salvador,Brasil,RS,Triunfo,Terminal Santa Clara,12265.13
2025,Carga Conteinerizada,CT-Contêineres,Brasil,CE,Fortaleza,Fortaleza,Brasil,BA,Salvador,Salvador,269522601.9269403
2025,Carga Conteinerizada,CT-Contêineres,Brasil,CE,Fortaleza,Fortaleza,Brasil,AM,Manaus,Super Terminais Comércio e Indústria,0
2025,Carga Conteinerizada,CT-Contêineres,Brasil,CE,São Gonçalo do Amarante,Terminal Portuário do Pecém,Brasil,SP,Santos,DP World Santos,1498534158.003399
2025,Carga Conteinerizada,CT-Contêineres,Brasil,CE,São Gonçalo do Amarante,Terminal Portuário do Pecém,Brasil,AM,Manaus,Porto Chibatão,1012790455.71864
2025,Carga Conteinerizada,CT-Contêineres,Brasil,CE,São Gonçalo do Amarante,Terminal Portuário do Pecém,Brasil,SP,Guarujá,Santos,924570814.323927
2025,Carga Conteinerizada,CT-Contêineres,Brasil,CE,São Gonçalo do Amarante,Terminal Portuário do Pecém,Brasil,SC,Itapoá,Porto Itapoá Terminais Portuários,565177308.8148003
2025,Carga Conteinerizada,CT-Contêineres,Brasil,CE,São Gonçalo do Amarante,Terminal Portuário do Pecém,Brasil,RJ,Itaguaí,Itaguaí,478271019.4803199
2025,Carga Conteinerizada,CT-Contêineres,Brasil,CE,São Gonçalo do Amarante,Terminal Portuário do Pecém,Brasil,SC,Navegantes,Portonave - Terminais Portuários de Navegantes,384093896.7151798
2025,Carga Conteinerizada,CT-Contêineres,Brasil,CE,São Gonçalo do Amarante,Terminal Portuário do Pecém,Brasil,AM,Manaus,Super Terminais Comércio e Indústria,235278719.7878017
2025,Carga Conteinerizada,CT-Contêineres,Brasil,CE,São Gonçalo do Amarante,Terminal Portuário do Pecém,Brasil,RS,Rio Grande,Rio Grande,229721029.96716
2025,Carga Conteinerizada,CT-Contêineres,Brasil,CE,São Gonçalo do Amarante,Terminal Portuário do Pecém,Brasil,SC,Itajaí,Itajaí,107152104.3993
2025,Carga Conteinerizada,CT-Contêineres,Brasil,CE,São Gonçalo do Amarante,Terminal Portuário do Pecém,Brasil,PA,Barcarena,Vila do Conde,104354906.9556001
2025,Carga Conteinerizada,CT-Contêineres,Brasil,CE,São Gonçalo do Amarante,Terminal Portuário do Pecém,Brasil,PE,Ipojuca,Suape,95029407.72024001
2025,Carga Conteinerizada,CT-Contêineres,Brasil,CE,São Gonçalo do Amarante,Terminal Portuário do Pecém,Brasil,SC,Imbituba,Imbituba,75681318.38346002
2025,Carga Conteinerizada,CT-Contêineres,Brasil,CE,São Gonçalo do Amarante,Terminal Portuário do Pecém,Brasil,PR,Paranaguá,Paranaguá,40807849.72277999
2025,Carga Conteinerizada,CT-Contêineres,Brasil,CE,São Gonçalo do Amarante,Terminal Portuário do Pecém,Brasil,RJ,Rio de Janeiro,Rio de Janeiro,13661322.69229
2025,Carga Conteinerizada,CT-Contêineres,Brasil,ES,Vitória,Vitória,Brasil,SP,Guarujá,Santos,703986609.7435751
2025,Carga Conteinerizada,CT-Contêineres,Brasil,ES,Vitória,Vitória,Brasil,AM,Manaus,Porto Chibatão,403540642.11146
2025,Carga Conteinerizada,CT-Contêineres,Brasil,ES,Vitória,Vitória,Brasil,RJ,Rio de Janeiro,Rio de Janeiro,319204217.3371003
2025,Carga Conteinerizada,CT-Contêineres,Brasil,ES,Vitória,Vitória,Brasil,RJ,Itaguaí,Itaguaí,63027528.52686002
2025,Carga Conteinerizada,CT-Contêineres,Brasil,ES,Vitória,Vitória,Brasil,SC,Itapoá,Porto Itapoá Terminais Portuários,13399690.36718
2025,Carga Conteinerizada,CT-Contêineres,Brasil,ES,Vitória,Vitória,Brasil,PA,Barcarena,Vila do Conde,10744001.7494
2025,Carga Conteinerizada,CT-Contêineres,Brasil,ES,Vitória,Vitória,Brasil,SC,Navegantes,Portonave - Terminais Portuários de Navegantes,6163376.752469969
2025,Carga Conteinerizada,CT-Contêineres,Brasil,ES,Vitória,Vitória,Brasil,PR,Paranaguá,Paranaguá,2994836.86457
2025,Carga Conteinerizada,CT-Contêineres,Brasil,ES,Vitória,Vitória,Brasil,BA,Salvador,Salvador,1341414.4909
2025,Carga Conteinerizada,CT-Contêineres,Brasil,ES,Vitória,Vitória,Brasil,RS,Rio Grande,Rio Grande,980344.2456
2025,Carga Conteinerizada,CT-Contêineres,Brasil,ES,Vitória,Vitória,Brasil,PE,Ipojuca,Suape,30254.2249
2025,Carga Conteinerizada,CT-Contêineres,Brasil,Indeterminado,-,Não Identificado,Brasil,SC,Imbituba,Imbituba,73298.04521739134
2025,Carga Conteinerizada,CT-Contêineres,Brasil,MA,São Luís,Terminal Portuário Privativo da Alumar,Brasil,RS,Rio Grande,Rio Grande,6649158.072700001
2025,Carga Conteinerizada,CT-Contêineres,Brasil,PA,Altamira,Altamira,Brasil,BA,Salvador,Salvador,19033.65
2025,Carga Conteinerizada,CT-Contêineres,Brasil,PA,Barcarena,Vila do Conde,Brasil,CE,São Gonçalo do Amarante,Terminal Portuário do Pecém,767730194.89888
2025,Carga Conteinerizada,CT-Contêineres,Brasil,PA,Barcarena,Vila do Conde,Brasil,SP,Guarujá,Santos,746686775.2790003
2025,Carga Conteinerizada,CT-Contêineres,Brasil,PA,Barcarena,Vila do Conde,Brasil,SC,Itapoá,Porto Itapoá Terminais Portuários,164329515.7431601
2025,Carga Conteinerizada,CT-Contêineres,Brasil,PA,Barcarena,Vila do Conde,Brasil,BA,Salvador,Salvador,72128033.18630999
2025,Carga Conteinerizada,CT-Contêineres,Brasil,PA,Barcarena,Vila do Conde,Brasil,SC,Imbituba,Imbituba,60722393.482
2025,Carga Conteinerizada,CT-Contêineres,Brasil,PA,Barcarena,Vila do Conde,Brasil,RS,Rio Grande,Rio Grande,31192507.72479999
2025,Carga Conteinerizada,CT-Contêineres,Brasil,PA,Barcarena,Vila do Conde,Brasil,CE,Fortaleza,Fortaleza,42086.7138
2025,Carga Conteinerizada,CT-Contêineres,Brasil,PE,Ipojuca,Suape,Brasil,SP,Guarujá,Santos,731340769.4774417
2025,Carga Conteinerizada,CT-Contêineres,Brasil,PE,Ipojuca,Suape,Brasil,SP,Santos,DP World Santos,586234913.1106004
2025,Carga Conteinerizada,CT-Contêineres,Brasil,PE,Ipojuca,Suape,Brasil,SC,Itapoá,Porto Itapoá Terminais Portuários,476151099.1834798
2025,Carga Conteinerizada,CT-Contêineres,Brasil,PE,Ipojuca,Suape,Brasil,AM,Manaus,Super Terminais Comércio e Indústria,455101846.3411997
2025,Carga Conteinerizada,CT-Contêineres,Brasil,PE,Ipojuca,Suape,Brasil,SC,Navegantes,Portonave - Terminais Portuários de Navegantes,320393222.5263128
2025,Carga Conteinerizada,CT-Contêineres,Brasil,PE,Ipojuca,Suape,Brasil,CE,São Gonçalo do Amarante,Terminal Portuário do Pecém,277705504.8854401
2025,Carga Conteinerizada,CT-Contêineres,Brasil,PE,Ipojuca,Suape,Brasil,AM,Manaus,Porto Chibatão,277647724.8413801
2025,Carga Conteinerizada,CT-Contêineres,Brasil,PE,Ipojuca,Suape,Brasil,RS,Rio Grande,Rio Grande,253338497.1406801
2025,Carga Conteinerizada,CT-Contêineres,Brasil,PE,Ipojuca,Suape,Brasil,BA,Salvador,Salvador,203338170.2599498
2025,Carga Conteinerizada,CT-Contêineres,Brasil,PE,Ipojuca,Suape,Brasil,PA,Barcarena,Vila do Conde,188592929.1399991
2025,Carga Conteinerizada,CT-Contêineres,Brasil,PE,Ipojuca,Suape,Brasil,RJ,Itaguaí,Itaguaí,153715089.1809
2025,Carga Conteinerizada,CT-Contêineres,Brasil,PE,Ipojuca,Suape,Brasil,PR,Paranaguá,Paranaguá,148149272.93198
2025,Carga Conteinerizada,CT-Contêineres,Brasil,PE,Ipojuca,Suape,Brasil,RJ,Rio de Janeiro,Rio de Janeiro,138480924.26058
2025,Carga Conteinerizada,CT-Contêineres,Brasil,PE,Ipojuca,Suape,Brasil,SC,Itajaí,Itajaí,34467414.77760001
2025,Carga Conteinerizada,CT-Contêineres,Brasil,PE,Ipojuca,Suape,Brasil,SC,Imbituba,Imbituba,23022442.61856
2025,Carga Conteinerizada,CT-Contêineres,Brasil,PE,Ipojuca,Suape,Brasil,RS,Triunfo,Terminal Santa Clara,1185873.89833
2025,Carga Conteinerizada,CT-Contêineres,Brasil,PR,Paranaguá,Paranaguá,Brasil,PE,Ipojuca,Suape,359411740.39652
2025,Carga Conteinerizada,CT-Contêineres,Brasil,PR,Paranaguá,Paranaguá,Brasil,AM,Manaus,Super Terminais Comércio e Indústria,257191728.3519991
2025,Carga Conteinerizada,CT-Contêineres,Brasil,PR,Paranaguá,Paranaguá,Brasil,CE,São Gonçalo do Amarante,Terminal Portuário do Pecém,241719744.45278
2025,Carga Conteinerizada,CT-Contêineres,Brasil,PR,Paranaguá,Paranaguá,Brasil,AM,Manaus,Porto Chibatão,43996300.6608
2025,Carga Conteinerizada,CT-Contêineres,Brasil,PR,Paranaguá,Paranaguá,Brasil,BA,Salvador,Salvador,18675861.31982999
2025,Carga Conteinerizada,CT-Contêineres,Brasil,PR,Paranaguá,Paranaguá,Brasil,SP,Guarujá,Santos,18368416.88208111
2025,Carga Conteinerizada,CT-Contêineres,Brasil,PR,Paranaguá,Paranaguá,Brasil,RJ,Rio de Janeiro,Rio de Janeiro,8632990.271070002
2025,Carga Conteinerizada,CT-Contêineres,Brasil,PR,Paranaguá,Paranaguá,Brasil,SC,Itajaí,Itajaí,5879008.110600001
2025,Carga Conteinerizada,CT-Contêineres,Brasil,PR,Paranaguá,Paranaguá,Brasil,SC,Itapoá,Porto Itapoá Terminais Portuários,3855033.99912
2025,Carga Conteinerizada,CT-Contêineres,Brasil,PR,Paranaguá,Paranaguá,Brasil,SP,Santos,DP World Santos,3249762.6707
2025,Carga Conteinerizada,CT-Contêineres,Brasil,PR,Paranaguá,Paranaguá,Brasil,SC,Navegantes,Portonave - Terminais Portuários de Navegantes,2950715.118239998
2025,Carga Conteinerizada,CT-Contêineres,Brasil,PR,Paranaguá,Paranaguá,Brasil,RS,Rio Grande,Rio Grande,2337745.54263
2025,Carga Conteinerizada,CT-Contêineres,Brasil,PR,Paranaguá,Paranaguá,Brasil,SC,Imbituba,Imbituba,1979897.235
2025,Carga Conteinerizada,CT-Contêineres,Brasil,PR,Paranaguá,Paranaguá,Brasil,RJ,Itaguaí,Itaguaí,1870584.88908
2025,Carga Conteinerizada,CT-Contêineres,Brasil,RJ,Itaguaí,Itaguaí,Brasil,AM,Manaus,Porto Chibatão,4026830095.351799
2025,Carga Conteinerizada,CT-Contêineres,Brasil,RJ,Itaguaí,Itaguaí,Brasil,PE,Ipojuca,Suape,199721787.4333
2025,Carga Conteinerizada,CT-Contêineres,Brasil,RJ,Itaguaí,Itaguaí,Brasil,CE,São Gonçalo do Amarante,Terminal Portuário do Pecém,185730950.80531
2025,Carga Conteinerizada,CT-Contêineres,Brasil,RJ,Itaguaí,Itaguaí,Brasil,PA,Barcarena,Vila do Conde,35990633.01710001
2025,Carga Conteinerizada,CT-Contêineres,Brasil,RJ,Itaguaí,Itaguaí,Brasil,ES,Vitória,Vitória,2297635.232
2025,Carga Conteinerizada,CT-Contêineres,Brasil,RJ,Itaguaí,Itaguaí,Brasil,SC,Itajaí,Itajaí,1909411.7784
2025,Carga Conteinerizada,CT-Contêineres,Brasil,RJ,Itaguaí,Itaguaí,Brasil,SP,Guarujá,Santos,936039.0708000202
2025,Carga Conteinerizada,CT-Contêineres,Brasil,RJ,Itaguaí,Itaguaí,Brasil,RS,Triunfo,Terminal Santa Clara,105256.8276
2025,Carga Conteinerizada,CT-Contêineres,Brasil,RJ,Itaguaí,Itaguaí,Brasil,SP,Santos,DP World Santos,95415.20999999996
2025,Carga Conteinerizada,CT-Contêineres,Brasil,RJ,Itaguaí,Itaguaí,Brasil,RJ,Rio de Janeiro,Rio de Janeiro,378.7041000000002
2025,Carga Conteinerizada,CT-Contêineres,Brasil,RJ,Itaguaí,Porto Sudeste do Brasil S/A,Brasil,BA,Salvador,Salvador,60638822.74618004
2025,Carga Conteinerizada,CT-Contêineres,Brasil,RJ,Rio de Janeiro,Rio de Janeiro,Brasil,AM,Manaus,Porto Chibatão,358578057.1132498
2025,Carga Conteinerizada,CT-Contêineres,Brasil,RJ,Rio de Janeiro,Rio de Janeiro,Brasil,PE,Ipojuca,Suape,335706320.58898
2025,Carga Conteinerizada,CT-Contêineres,Brasil,RJ,Rio de Janeiro,Rio de Janeiro,Brasil,SC,Itapoá,Porto Itapoá Terminais Portuários,318317821.9964899
2025,Carga Conteinerizada,CT-Contêineres,Brasil,RJ,Rio de Janeiro,Rio de Janeiro,Brasil,ES,Vitória,Vitória,237338816.5964001
2025,Carga Conteinerizada,CT-Contêineres,Brasil,RJ,Rio de Janeiro,Rio de Janeiro,Brasil,SC,Navegantes,Portonave - Terminais Portuários de Navegantes,211348072.1139707
2025,Carga Conteinerizada,CT-Contêineres,Brasil,RJ,Rio de Janeiro,Rio de Janeiro,Brasil,BA,Salvador,Salvador,165544794.0144001
2025,Carga Conteinerizada,CT-Contêineres,Brasil,RJ,Rio de Janeiro,Rio de Janeiro,Brasil,CE,São Gonçalo do Amarante,Terminal Portuário do Pecém,143676684.4393399
2025,Carga Conteinerizada,CT-Contêineres,Brasil,RJ,Rio de Janeiro,Rio de Janeiro,Brasil,PR,Paranaguá,Paranaguá,59677149.83136
2025,Carga Conteinerizada,CT-Contêineres,Brasil,RJ,Rio de Janeiro,Rio de Janeiro,Brasil,SP,Guarujá,Santos,19089358.0755999
2025,Carga Conteinerizada,CT-Contêineres,Brasil,RJ,Rio de Janeiro,Rio de Janeiro,Brasil,RS,Rio Grande,Rio Grande,17690245.355
2025,Carga Conteinerizada,CT-Contêineres,Brasil,RJ,Rio de Janeiro,Rio de Janeiro,Brasil,SC,Itajaí,Itajaí,3857199.447500001
2025,Carga Conteinerizada,CT-Contêineres,Brasil,RJ,Rio de Janeiro,Rio de Janeiro,Brasil,SP,Santos,DP World Santos,2098274.158
2025,Carga Conteinerizada,CT-Contêineres,Brasil,RJ,Rio de Janeiro,Rio de Janeiro,Brasil,SC,Imbituba,Imbituba,898666.8744000001
2025,Carga Conteinerizada,CT-Contêineres,Brasil,RJ,Rio de Janeiro,Rio de Janeiro,Brasil,RJ,Itaguaí,Itaguaí,332971.4925900002
2025,Carga Conteinerizada,CT-Contêineres,Brasil,RJ,Rio de Janeiro,Rio de Janeiro,Brasil,RS,Triunfo,Terminal Santa Clara,28991.2082
2025,Carga Conteinerizada,CT-Contêineres,Brasil,RS,Rio Grande,Rio Grande,Brasil,CE,São Gonçalo do Amarante,Terminal Portuário do Pecém,1826132222.485711
2025,Carga Conteinerizada,CT-Contêineres,Brasil,RS,Rio Grande,Rio Grande,Brasil,PE,Ipojuca,Suape,1275238862.587801
2025,Carga Conteinerizada,CT-Contêineres,Brasil,RS,Rio Grande,Rio Grande,Brasil,AM,Manaus,Porto Chibatão,914826252.6719999
2025,Carga Conteinerizada,CT-Contêineres,Brasil,RS,Rio Grande,Rio Grande,Brasil,BA,Salvador,Salvador,450249117.8727002
2025,Carga Conteinerizada,CT-Contêineres,Brasil,RS,Rio Grande,Rio Grande,Brasil,PR,Paranaguá,Paranaguá,169294548.12135
2025,Carga Conteinerizada,CT-Contêineres,Brasil,RS,Rio Grande,Rio Grande,Brasil,PA,Barcarena,Vila do Conde,136814312.094
2025,Carga Conteinerizada,CT-Contêineres,Brasil,RS,Rio Grande,Rio Grande,Brasil,SC,Itapoá,Porto Itapoá Terminais Portuários,89396523.43008998
2025,Carga Conteinerizada,CT-Contêineres,Brasil,RS,Rio Grande,Rio Grande,Brasil,SP,Guarujá,Santos,75809156.24314931
2025,Carga Conteinerizada,CT-Contêineres,Brasil,RS,Rio Grande,Rio Grande,Brasil,SC,Navegantes,Portonave - Terminais Portuários de Navegantes,42955703.56592993
2025,Carga Conteinerizada,CT-Contêineres,Brasil,RS,Rio Grande,Rio Grande,Brasil,SP,Santos,DP World Santos,27239511.7434
2025,Carga Conteinerizada,CT-Contêineres,Brasil,RS,Rio Grande,Rio Grande,Brasil,AM,Manaus,Super Terminais Comércio e Indústria,9822049.536
2025,Carga Conteinerizada,CT-Contêineres,Brasil,RS,Rio Grande,Rio Grande,Brasil,SC,Itajaí,Itajaí,9702802.921049999
2025,Carga Conteinerizada,CT-Contêineres,Brasil,RS,Rio Grande,Rio Grande,Brasil,RJ,Rio de Janeiro,Rio de Janeiro,7332353.602500001
2025,Carga Conteinerizada,CT-Contêineres,Brasil,RS,Rio Grande,Rio Grande,Brasil,SC,Imbituba,Imbituba,4160733.04972
2025,Carga Conteinerizada,CT-Contêineres,Brasil,SC,Imbituba,Imbituba,Brasil,CE,São Gonçalo do Amarante,Terminal Portuário do Pecém,1258614769.243679
2025,Carga Conteinerizada,CT-Contêineres,Brasil,SC,Imbituba,Imbituba,Brasil,PE,Ipojuca,Suape,659219753.8659601
2025,Carga Conteinerizada,CT-Contêineres,Brasil,SC,Imbituba,Imbituba,Brasil,AM,Manaus,Porto Chibatão,429356310.8993997
2025,Carga Conteinerizada,CT-Contêineres,Brasil,SC,Imbituba,Imbituba,Brasil,PA,Barcarena,Vila do Conde,379098367.0007998
2025,Carga Conteinerizada,CT-Contêineres,Brasil,SC,Imbituba,Imbituba,Brasil,BA,Salvador,Salvador,152893378.87596
2025,Carga Conteinerizada,CT-Contêineres,Brasil,SC,Imbituba,Imbituba,Brasil,SP,Guarujá,Santos,19198054.42312005
2025,Carga Conteinerizada,CT-Contêineres,Brasil,SC,Imbituba,Imbituba,Brasil,PR,Paranaguá,Paranaguá,800377.3049999998
2025,Carga Conteinerizada,CT-Contêineres,Brasil,SC,Imbituba,Imbituba,Brasil,RJ,Rio de Janeiro,Rio de Janeiro,299004.585
2025,Carga Conteinerizada,CT-Contêineres,Brasil,SC,Imbituba,Imbituba,Brasil,SC,Itapoá,Porto Itapoá Terminais Portuários,267717.75372
2025,Carga Conteinerizada,CT-Contêineres,Brasil,SC,Imbituba,Imbituba,Brasil,SP,Santos,DP World Santos,80740.97729999998
2025,Carga Conteinerizada,CT-Contêineres,Brasil,SC,Itajaí,Itajaí,Brasil,BA,Salvador,Salvador,527000976.3872698
2025,Carga Conteinerizada,CT-Contêineres,Brasil,SC,Itajaí,Itajaí,Brasil,AM,Manaus,Super Terminais Comércio e Indústria,272759747.9112006
2025,Carga Conteinerizada,CT-Contêineres,Brasil,SC,Itajaí,Itajaí,Brasil,PE,Ipojuca,Suape,201324279.5192999
2025,Carga Conteinerizada,CT-Contêineres,Brasil,SC,Itajaí,Itajaí,Brasil,CE,São Gonçalo do Amarante,Terminal Portuário do Pecém,152713328.2262399
2025,Carga Conteinerizada,CT-Contêineres,Brasil,SC,Itajaí,Itajaí,Brasil,AM,Manaus,Porto Chibatão,53755318.53000002
2025,Carga Conteinerizada,CT-Contêineres,Brasil,SC,Itajaí,Itajaí,Brasil,PR,Paranaguá,Paranaguá,46619706.79979996
2025,Carga Conteinerizada,CT-Contêineres,Brasil,SC,Itajaí,Itajaí,Brasil,SC,Itapoá,Porto Itapoá Terminais Portuários,26240833.17920002
2025,Carga Conteinerizada,CT-Contêineres,Brasil,SC,Itajaí,Itajaí,Brasil,SP,Guarujá,Santos,22401283.87223934
2025,Carga Conteinerizada,CT-Contêineres,Brasil,SC,Itajaí,Itajaí,Brasil,PA,Barcarena,Vila do Conde,22348099.74000001
2025,Carga Conteinerizada,CT-Contêineres,Brasil,SC,Itajaí,Itajaí,Brasil,RS,Rio Grande,Rio Grande,12152100.11768
2025,Carga Conteinerizada,CT-Contêineres,Brasil,SC,Itajaí,Itajaí,Brasil,SP,Santos,DP World Santos,3754780.245400001
2025,Carga Conteinerizada,CT-Contêineres,Brasil,SC,Itajaí,Itajaí,Brasil,SC,Imbituba,Imbituba,693423.0912000003
2025,Carga Conteinerizada,CT-Contêineres,Brasil,SC,Itajaí,Itajaí,Brasil,RJ,Rio de Janeiro,Rio de Janeiro,165489.20655
2025,Carga Conteinerizada,CT-Contêineres,Brasil,SC,Itajaí,Itajaí,Brasil,RJ,Itaguaí,Itaguaí,17001.7556
2025,Carga Conteinerizada,CT-Contêineres,Brasil,SC,Itapoá,Porto Itapoá Terminais Portuários,Brasil,CE,São Gonçalo do Amarante,Terminal Portuário do Pecém,2236098851.9331
2025,Carga Conteinerizada,CT-Contêineres,Brasil,SC,Itapoá,Porto Itapoá Terminais Portuários,Brasil,AM,Manaus,Porto Chibatão,2203599489.440159
2025,Carga Conteinerizada,CT-Contêineres,Brasil,SC,Itapoá,Porto Itapoá Terminais Portuários,Brasil,PE,Ipojuca,Suape,1187675800.326121
2025,Carga Conteinerizada,CT-Contêineres,Brasil,SC,Itapoá,Porto Itapoá Terminais Portuários,Brasil,PA,Barcarena,Vila do Conde,469039869.0444006
2025,Carga Conteinerizada,CT-Contêineres,Brasil,SC,Itapoá,Porto Itapoá Terminais Portuários,Brasil,RJ,Rio de Janeiro,Rio de Janeiro,36368587.11853999
2025,Carga Conteinerizada,CT-Contêineres,Brasil,SC,Itapoá,Porto Itapoá Terminais Portuários,Brasil,RJ,Itaguaí,Itaguaí,32176172.2394
2025,Carga Conteinerizada,CT-Contêineres,Brasil,SC,Itapoá,Porto Itapoá Terminais Portuários,Brasil,SP,Guarujá,Santos,21467118.29952298
2025,Carga Conteinerizada,CT-Contêineres,Brasil,SC,Itapoá,Porto Itapoá Terminais Portuários,Brasil,RS,Rio Grande,Rio Grande,14890229.31846
2025,Carga Conteinerizada,CT-Contêineres,Brasil,SC,Itapoá,Porto Itapoá Terminais Portuários,Brasil,PR,Paranaguá,Paranaguá,11834215.50335999
2025,Carga Conteinerizada,CT-Contêineres,Brasil,SC,Itapoá,Porto Itapoá Terminais Portuários,Brasil,SP,Santos,DP World Santos,5777057.843199999
2025,Carga Conteinerizada,CT-Contêineres,Brasil,SC,Itapoá,Porto Itapoá Terminais Portuários,Brasil,SC,Itajaí,Itajaí,164148.3320000001
2025,Carga Conteinerizada,CT-Contêineres,Brasil,SC,Itapoá,Porto Itapoá Terminais Portuários,Brasil,SC,Navegantes,Portonave - Terminais Portuários de Navegantes,46831.66252000001
2025,Carga Conteinerizada,CT-Contêineres,Brasil,SC,Itapoá,Porto Itapoá Terminais Portuários,Brasil,SC,Imbituba,Imbituba,26512.4032
2025,Carga Conteinerizada,CT-Contêineres,Brasil,SC,Navegantes,Portonave - Terminais Portuários de Navegantes,Brasil,PE,Ipojuca,Suape,1155914633.3532
2025,Carga Conteinerizada,CT-Contêineres,Brasil,SC,Navegantes,Portonave - Terminais Portuários de Navegantes,Brasil,AM,Manaus,Porto Chibatão,1066924276.942
2025,Carga Conteinerizada,CT-Contêineres,Brasil,SC,Navegantes,Portonave - Terminais Portuários de Navegantes,Brasil,CE,São Gonçalo do Amarante,Terminal Portuário do Pecém,637800727.4826599
2025,Carga Conteinerizada,CT-Contêineres,Brasil,SC,Navegantes,Portonave - Terminais Portuários de Navegantes,Brasil,RJ,Rio de Janeiro,Rio de Janeiro,142421149.1592401
2025,Carga Conteinerizada,CT-Contêineres,Brasil,SC,Navegantes,Portonave - Terminais Portuários de Navegantes,Brasil,RJ,Itaguaí,Itaguaí,23612431.24040001
2025,Carga Conteinerizada,CT-Contêineres,Brasil,SC,Navegantes,Portonave - Terminais Portuários de Navegantes,Brasil,SP,Guarujá,Santos,16990841.80291723
2025,Carga Conteinerizada,CT-Contêineres,Brasil,SC,Navegantes,Portonave - Terminais Portuários de Navegantes,Brasil,PR,Paranaguá,Paranaguá,14126759.98428
2025,Carga Conteinerizada,CT-Contêineres,Brasil,SC,Navegantes,Portonave - Terminais Portuários de Navegantes,Brasil,RS,Rio Grande,Rio Grande,11034927.04258
2025,Carga Conteinerizada,CT-Contêineres,Brasil,SC,Navegantes,Portonave - Terminais Portuários de Navegantes,Brasil,PA,Barcarena,Vila do Conde,8854335.615999999
2025,Carga Conteinerizada,CT-Contêineres,Brasil,SC,Navegantes,Portonave - Terminais Portuários de Navegantes,Brasil,SC,Itapoá,Porto Itapoá Terminais Portuários,3319.268
2025,Carga Conteinerizada,CT-Contêineres,Brasil,SC,São Francisco do Sul,São Francisco do Sul,Brasil,BA,Salvador,Salvador,212407283.5789501
2025,Carga Conteinerizada,CT-Contêineres,Brasil,SP,Guarujá,Santos,Brasil,AM,Manaus,Porto Chibatão,5078241178.226243
2025,Carga Conteinerizada,CT-Contêineres,Brasil,SP,Guarujá,Santos,Brasil,PE,Ipojuca,Suape,2113501987.326243
2025,Carga Conteinerizada,CT-Contêineres,Brasil,SP,Guarujá,Santos,Brasil,CE,São Gonçalo do Amarante,Terminal Portuário do Pecém,2019596899.426384
2025,Carga Conteinerizada,CT-Contêineres,Brasil,SP,Guarujá,Santos,Brasil,AM,Manaus,Super Terminais Comércio e Indústria,1440928110.5856
2025,Carga Conteinerizada,CT-Contêineres,Brasil,SP,Guarujá,Santos,Brasil,BA,Salvador,Salvador,560110725.8504997
2025,Carga Conteinerizada,CT-Contêineres,Brasil,SP,Guarujá,Santos,Brasil,ES,Vitória,Vitória,544229108.41005
2025,Carga Conteinerizada,CT-Contêineres,Brasil,SP,Guarujá,Santos,Brasil,PA,Barcarena,Vila do Conde,144155087.9111997
2025,Carga Conteinerizada,CT-Contêineres,Brasil,SP,Guarujá,Santos,Brasil,SC,Itapoá,Porto Itapoá Terminais Portuários,121638865.6153599
2025,Carga Conteinerizada,CT-Contêineres,Brasil,SP,Guarujá,Santos,Brasil,PR,Paranaguá,Paranaguá,110197282.95072
2025,Carga Conteinerizada,CT-Contêineres,Brasil,SP,Guarujá,Santos,Brasil,SC,Itajaí,Itajaí,109813021.83872
2025,Carga Conteinerizada,CT-Contêineres,Brasil,SP,Guarujá,Santos,Brasil,SC,Navegantes,Portonave - Terminais Portuários de Navegantes,84721232.28328133
2025,Carga Conteinerizada,CT-Contêineres,Brasil,SP,Guarujá,Santos,Brasil,RS,Rio Grande,Rio Grande,48711900.58670001
2025,Carga Conteinerizada,CT-Contêineres,Brasil,SP,Guarujá,Santos,Brasil,RJ,Itaguaí,Itaguaí,42221160.87339997
2025,Carga Conteinerizada,CT-Contêineres,Brasil,SP,Guarujá,Santos,Brasil,RJ,Rio de Janeiro,Rio de Janeiro,21216413.3312
2025,Carga Conteinerizada,CT-Contêineres,Brasil,SP,Guarujá,Santos,Brasil,SC,Imbituba,Imbituba,10053350.6054
2025,Carga Conteinerizada,CT-Contêineres,Brasil,SP,Guarujá,Santos,Brasil,RS,Triunfo,Terminal Santa Clara,224757.5232
2025,Carga Conteinerizada,CT-Contêineres,-,-,-,-,-,-,-,-,0
2025,Carga Geral,01-Animais vivos,-,-,-,-,-,-,-,-,0
2025,Carga Geral,"02-Carnes e miudezas, comestíveis",-,-,-,-,-,-,-,-,0
2025,Carga Geral,"03-Peixes e crustáceos, moluscos e outros invertebrados aquáticos",-,-,-,-,-,-,-,-,0
2025,Carga Geral,"07-Produtos hortícolas, plantas, raízes e tubérculos, comestíveis.",-,-,-,-,-,-,-,-,0
2025,Carga Geral,08-Frutas; cascas de frutos cítricos e de melões,-,-,-,-,-,-,-,-,0
2025,Carga Geral,"09-Café, chá, mate e especiarias",-,-,-,-,-,-,-,-,0
2025,Carga Geral,10-Cereais,-,-,-,-,-,-,-,-,0
2025,Carga Geral,11-Produtos da indústria de moagem; malte; amidos e féculas; inulina; glúten de trigo,-,-,-,-,-,-,-,-,0
2025,Carga Geral,"12-Sementes e frutos oleaginosos; grãos, sementes e frutos diversos; plantas industriais ou medicinais; palhas e forragens",-,-,-,-,-,-,-,-,0
2025,Carga Geral,15-Gorduras e óleos animais ou vegetais; produtos da sua dissociação; gorduras alimentares elaboradas; ceras de origem animal ou vegetal,-,-,-,-,-,-,-,-,0
2025,Carga Geral,17-Açúcares e produtos de confeitaria,-,-,-,-,-,-,-,-,0
2025,Carga Geral,18-Cacau e suas preparações,-,-,-,-,-,-,-,-,0
2025,Carga Geral,"19-Preparações à base de cereais, farinhas, amidos, féculas ou leite; produtos de pastelaria",-,-,-,-,-,-,-,-,0
2025,Carga Geral,"20-Preparações de produtos hortícolas, de frutas ou de outras partes de plantas",-,-,-,-,-,-,-,-,0
2025,Carga Geral,"22-Bebidas, líquidos alcoólicos e vinagres",-,-,-,-,-,-,-,-,0
2025,Carga Geral,23-Resíduos e desperdícios das indústrias alimentares; alimentos preparados para animais,Brasil,PE,Fernando de Noronha,Porto de Santo Antônio (IP4 Fernando de Noronha),Brasil,PE,Recife,Recife,2271429.747599999
2025,Carga Geral,23-Resíduos e desperdícios das indústrias alimentares; alimentos preparados para animais,-,-,-,-,-,-,-,-,0
2025,Carga Geral,"25-Sal; enxofre; terras e pedras; gesso, cal e cimento",-,-,-,-,-,-,-,-,0
2025,Carga Geral,"26-Minerios, escórias e cinzas",-,-,-,-,-,-,-,-,0
2025,Carga Geral,"27-Combustíveis minerais, óleos minerais e produtos da sua destilação; matérias betuminosas; ceras minerais",Brasil,SP,Guarujá,Santos,Brasil,PA,Barcarena,Vila do Conde,15521959.3916
2025,Carga Geral,"27-Combustíveis minerais, óleos minerais e produtos da sua destilação; matérias betuminosas; ceras minerais",-,-,-,-,-,-,-,-,0
2025,Carga Geral,"28-Produtos químicos inorgânicos; compostos inorgânicos ou orgânicos de metais preciosos, de elementos radioativos, de metais das terras raras ou de isótopos",-,-,-,-,-,-,-,-,0
2025,Carga Geral,29-Produtos químicos orgânicos,-,-,-,-,-,-,-,-,0
2025,Carga Geral,31-Adubos (fertilizantes),-,-,-,-,-,-,-,-,0
2025,Carga Geral,32-Extratos tanantes e tintoriais; taninos e seus derivados; pigmentos e outras matérias corantes; tintas e vernizes; mástiques; tintas de escrever,-,-,-,-,-,-,-,-,0
2025,Carga Geral,"34-Sabões, agentes orgânicos de superfície, preparações para lavagem, preparações lubrificantes, ceras artificiais, ceras preparadas, produtos de conservação e limpeza, velas e artigos semelhantes, massas ou pastas para modelar, ""ceras"" para dentistas e Comp",-,-,-,-,-,-,-,-,0
2025,Carga Geral,35-Matérias albuminóides; produtos à base de amidos ou de féculas modificados; colas; enzimas,-,-,-,-,-,-,-,-,0
2025,Carga Geral,38-Produtos diversos das indústrias químicas,Brasil,CE,Fortaleza,Fortaleza,Brasil,AM,Manaus,Porto Chibatão,478770435.2172
2025,Carga Geral,38-Produtos diversos das indústrias químicas,-,-,-,-,-,-,-,-,0
2025,Carga Geral,39-Plásticos e suas obras,-,-,-,-,-,-,-,-,0
2025,Carga Geral,40-Borracha e suas obras,-,-,-,-,-,-,-,-,0
2025,Carga Geral,"41-Peles, exceto as peles com pelo, e couros",-,-,-,-,-,-,-,-,0
2025,Carga Geral,"42-Obras de couro; artigos de correeiro ou de seleiro; artigos de viagem, bolsas e artefatos semelhantes; obras de tripa",-,-,-,-,-,-,-,-,0
2025,Carga Geral,"44-Madeira, carvão vegetal e obras de madeira",-,-,-,-,-,-,-,-,0
2025,Carga Geral,47-Pastas de madeira ou de outras matérias fibrosas celulósicas; papel ou cartão para reciclar (desperdícios e aparas).,Brasil,BA,Belmonte,TUP TMB - Terminal Marítimo de Belmonte,Brasil,ES,Aracruz,Portocel - Terminal Especializado de Barra do Riacho,523250595.5599998
2025,Carga Geral,47-Pastas de madeira ou de outras matérias fibrosas celulósicas; papel ou cartão para reciclar (desperdícios e aparas).,Brasil,ES,Vitória,Vitória,Brasil,SC,São Francisco do Sul,São Francisco do Sul,12173810.13618
2025,Carga Geral,47-Pastas de madeira ou de outras matérias fibrosas celulósicas; papel ou cartão para reciclar (desperdícios e aparas).,-,-,-,-,-,-,-,-,0
2025,Carga Geral,"48-Papel e cartão; obras de pasta de celulose, de papel ou de cartão",Brasil,SP,Guarujá,Santos,Brasil,PE,Recife,Recife,55568150.575
2025,Carga Geral,"48-Papel e cartão; obras de pasta de celulose, de papel ou de cartão",-,-,-,-,-,-,-,-,0
2025,Carga Geral,"49-Livros, jornais, gravuras e outros produtos das indústrias gráficas; textos manuscritos ou datilografados, planos e plantas",-,-,-,-,-,-,-,-,0
2025,Carga Geral,"55-Fibras sintéticas ou artificiais, descontínuas",-,-,-,-,-,-,-,-,0
2025,Carga Geral,"56-Pastas (ouates), feltros e falsos tecidos; fios especiais; cordéis, cordas e cabos; artigos de cordoaria",-,-,-,-,-,-,-,-,0
2025,Carga Geral,"59-Tecidos impregnados, revestidos, recobertos ou estratificados; artigos para usos técnicos de matérias têxteis",-,-,-,-,-,-,-,-,0
2025,Carga Geral,"61-Vestuário e seus acessórios, de malha",-,-,-,-,-,-,-,-,0
2025,Carga Geral,"63-Outros artefatos têxteis confeccionados; sortidos; artefatos de matérias têxteis, calçados, chapéus e artefatos de uso semelhante, usados; trapos",-,-,-,-,-,-,-,-,0
2025,Carga Geral,"68-Obras de pedra, gesso, cimento, amianto, mica ou de matérias semelhantes",-,-,-,-,-,-,-,-,0
2025,Carga Geral,70-Vidro e suas obras,-,-,-,-,-,-,-,-,0
2025,Carga Geral,"72-Ferro fundido, ferro e aço",Brasil,CE,São Gonçalo do Amarante,Terminal Portuário do Pecém,Brasil,SP,Cubatão,Terminal Marítimo Privativo de Cubatão - TMPC,970163062.89684
2025,Carga Geral,"72-Ferro fundido, ferro e aço",Brasil,CE,São Gonçalo do Amarante,Terminal Portuário do Pecém,Brasil,ES,Vitória,Terminal Marítimo Alfandegado Privativo de Uso Misto de Praia Mole,639304944.46229
2025,Carga Geral,"72-Ferro fundido, ferro e aço",Brasil,CE,São Gonçalo do Amarante,Terminal Portuário do Pecém,Brasil,RJ,Itaguaí,Itaguaí,255408422.11189
2025,Carga Geral,"72-Ferro fundido, ferro e aço",Brasil,ES,Vitória,Terminal de Praia Mole,Brasil,ES,Vitória,Terminal Marítimo Alfandegado Privativo de Uso Misto de Praia Mole,31758.347
2025,Carga Geral,"72-Ferro fundido, ferro e aço",Brasil,ES,Vitória,Vitória,Brasil,SC,São Francisco do Sul,São Francisco do Sul,3231016870.663052
2025,Carga Geral,"72-Ferro fundido, ferro e aço",Brasil,ES,Vitória,Vitória,Brasil,AM,Manaus,Super Terminais Comércio e Indústria,142277059.9894
2025,Carga Geral,"72-Ferro fundido, ferro e aço",Brasil,ES,Vitória,Vitória,Brasil,SC,Itajaí,Teporti,43501616.8268
2025,Carga Geral,"72-Ferro fundido, ferro e aço",Brasil,RJ,Angra dos Reis,Angra dos Reis,Brasil,ES,Vitória,Vitória,56304
2025,Carga Geral,"72-Ferro fundido, ferro e aço",Brasil,RJ,Niterói,Niterói,Brasil,ES,Vitória,Vitória,132655.164
2025,Carga Geral,"72-Ferro fundido, ferro e aço",Brasil,RJ,Rio de Janeiro,Rio de Janeiro,Brasil,ES,Vitória,Vitória,862043.9843000001
2025,Carga Geral,"72-Ferro fundido, ferro e aço",Brasil,RJ,São João da Barra,Porto do Açu - Terminal de Minério,Brasil,ES,Vitória,Vitória,45326
2025,Carga Geral,"72-Ferro fundido, ferro e aço",Brasil,RJ,São João da Barra,Porto do Açu - Terminal TMULT e TCAR,Brasil,ES,Vitória,Vitória,51331.695
2025,Carga Geral,"72-Ferro fundido, ferro e aço",Brasil,SC,Itajaí,Itajaí,Brasil,PE,Ipojuca,Suape,187762556.1021
2025,Carga Geral,"72-Ferro fundido, ferro e aço",Brasil,SC,Itajaí,Teporti,Brasil,PE,Ipojuca,Suape,65450349.04800002
2025,Carga Geral,"72-Ferro fundido, ferro e aço",Brasil,SC,São Francisco do Sul,São Francisco do Sul,Brasil,ES,Serra,Terminal de Barcaças Oceânicas,87482148.44607997
2025,Carga Geral,"72-Ferro fundido, ferro e aço",Brasil,SP,Guarujá,Santos,Brasil,AM,Manaus,Porto Chibatão,356774857.5310401
2025,Carga Geral,"72-Ferro fundido, ferro e aço",Brasil,SP,Guarujá,Santos,Brasil,CE,São Gonçalo do Amarante,Terminal Portuário do Pecém,200052660.087
2025,Carga Geral,"72-Ferro fundido, ferro e aço",Brasil,SP,Guarujá,Santos,Brasil,PE,Recife,Recife,53978359.673
2025,Carga Geral,"72-Ferro fundido, ferro e aço",Brasil,SP,Guarujá,Santos,Brasil,RJ,Itaguaí,Itaguaí,12690822.1252
2025,Carga Geral,"72-Ferro fundido, ferro e aço",-,-,-,-,-,-,-,-,0
2025,Carga Geral,"73-Obras de ferro fundido, ferro ou aço",Brasil,ES,Aracruz,Portocel - Terminal Especializado de Barra do Riacho,Brasil,RJ,São João da Barra,TERMINAL TECHNIPFMC DO BRASIL,41300.28
2025,Carga Geral,"73-Obras de ferro fundido, ferro ou aço",Brasil,ES,Vitória,Terminal de Praia Mole,Brasil,AM,Manaus,Super Terminais Comércio e Indústria,124035922.0084
2025,Carga Geral,"73-Obras de ferro fundido, ferro ou aço",Brasil,ES,Vitória,Vitória,Brasil,RJ,São João da Barra,TERMINAL TECHNIPFMC DO BRASIL,307990.17
2025,Carga Geral,"73-Obras de ferro fundido, ferro ou aço",Brasil,ES,Vitória,Vitória,Brasil,RJ,Angra dos Reis,Angra dos Reis,95508.45
2025,Carga Geral,"73-Obras de ferro fundido, ferro ou aço",Brasil,RJ,Niterói,Estaleiro Renave,Brasil,RJ,Angra dos Reis,Angra dos Reis,0
2025,Carga Geral,"73-Obras de ferro fundido, ferro ou aço",Brasil,RJ,Niterói,Niterói,Brasil,RJ,São João da Barra,Terminal Nov Flexibles,3651.712
2025,Carga Geral,"73-Obras de ferro fundido, ferro ou aço",Brasil,RJ,Rio de Janeiro,Rio de Janeiro,Brasil,SP,Guarujá,Base Logística de Dutos,1012262.84288
2025,Carga Geral,"73-Obras de ferro fundido, ferro ou aço",Brasil,RJ,Rio de Janeiro,Rio de Janeiro,Brasil,RJ,São João da Barra,Terminal Nov Flexibles,571020.9759600001
2025,Carga Geral,"73-Obras de ferro fundido, ferro ou aço",Brasil,RJ,São João da Barra,Porto do Açu - Terminal TMULT e TCAR,Brasil,RJ,São João da Barra,TERMINAL TECHNIPFMC DO BRASIL,1389829.3
2025,Carga Geral,"73-Obras de ferro fundido, ferro ou aço",Brasil,RJ,São João da Barra,Porto do Açu - Terminal TMULT e TCAR,Brasil,RJ,São João da Barra,Terminal Nov Flexibles,276773.3
2025,Carga Geral,"73-Obras de ferro fundido, ferro ou aço",Brasil,RJ,São João da Barra,TUP ALISEO,Brasil,RJ,São João da Barra,TERMINAL TECHNIPFMC DO BRASIL,1581
2025,Carga Geral,"73-Obras de ferro fundido, ferro ou aço",Brasil,RJ,São João da Barra,TUP ALISEO,Brasil,RJ,São João da Barra,Terminal Nov Flexibles,533.1
2025,Carga Geral,"73-Obras de ferro fundido, ferro ou aço",Brasil,SP,Guarujá,Santos,Brasil,AM,Manaus,Porto Chibatão,137386678.12816
2025,Carga Geral,"73-Obras de ferro fundido, ferro ou aço",Brasil,SP,Guarujá,Santos,Brasil,CE,Fortaleza,Fortaleza,12981208.1175
2025,Carga Geral,"73-Obras de ferro fundido, ferro ou aço",-,-,-,-,-,-,-,-,0
2025,Carga Geral,74-Cobre e suas obras,-,-,-,-,-,-,-,-,0
2025,Carga Geral,75-Níquel e suas obras,-,-,-,-,-,-,-,-,0
2025,Carga Geral,76-Alumínio e suas obras,-,-,-,-,-,-,-,-,0
2025,Carga Geral,"82-Ferramentas, artefatos de cutelaria e talheres, e suas partes, de metais comuns",-,-,-,-,-,-,-,-,0
2025,Carga Geral,83-Obras diversas de metais comuns,Brasil,ES,Vitória,Vitória,Brasil,RJ,São João da Barra,TERMINAL TECHNIPFMC DO BRASIL,270142.96
2025,Carga Geral,83-Obras diversas de metais comuns,Brasil,RJ,Angra dos Reis,Angra dos Reis,Brasil,ES,Vitória,Vitória,93214.40000000001
2025,Carga Geral,83-Obras diversas de metais comuns,Brasil,RJ,Niterói,Niterói,Brasil,ES,Vitória,Vitória,212.08512
2025,Carga Geral,83-Obras diversas de metais comuns,Brasil,RJ,Rio de Janeiro,Rio de Janeiro,Brasil,RJ,São João da Barra,Terminal Nov Flexibles,1421897.336
2025,Carga Geral,83-Obras diversas de metais comuns,-,-,-,-,-,-,-,-,0
2025,Carga Geral,"84-Reatores nucleares, caldeiras, máquinas, aparelhos e instrumentos mecânicos, e suas partes",Brasil,CE,Fortaleza,Fortaleza,Brasil,BA,Maragogipe,TUP Enseada Naval,0
2025,Carga Geral,"84-Reatores nucleares, caldeiras, máquinas, aparelhos e instrumentos mecânicos, e suas partes",Brasil,ES,-,Barra do Riacho,Brasil,ES,Vitória,Vitória,6592.9464
2025,Carga Geral,"84-Reatores nucleares, caldeiras, máquinas, aparelhos e instrumentos mecânicos, e suas partes",Brasil,MA,São Luís,Itaqui,Brasil,PB,Cabedelo,Cabedelo,846285.7799999999
2025,Carga Geral,"84-Reatores nucleares, caldeiras, máquinas, aparelhos e instrumentos mecânicos, e suas partes",Brasil,MA,São Luís,Terminal Portuário Privativo da Alumar,Brasil,MA,São Luís,Itaqui,0
2025,Carga Geral,"84-Reatores nucleares, caldeiras, máquinas, aparelhos e instrumentos mecânicos, e suas partes",Brasil,RJ,Angra dos Reis,Angra dos Reis,Brasil,ES,Vitória,Vitória,201380.64
2025,Carga Geral,"84-Reatores nucleares, caldeiras, máquinas, aparelhos e instrumentos mecânicos, e suas partes",Brasil,RJ,Niterói,Niterói,Brasil,ES,Vitória,Vitória,1421923.15758
2025,Carga Geral,"84-Reatores nucleares, caldeiras, máquinas, aparelhos e instrumentos mecânicos, e suas partes",Brasil,RJ,Rio de Janeiro,Rio de Janeiro,Brasil,ES,Vitória,Vitória,607267.9094
2025,Carga Geral,"84-Reatores nucleares, caldeiras, máquinas, aparelhos e instrumentos mecânicos, e suas partes",Brasil,RJ,São João da Barra,Porto do Açu - Terminal de Minério,Brasil,ES,Vitória,Vitória,251258.78862
2025,Carga Geral,"84-Reatores nucleares, caldeiras, máquinas, aparelhos e instrumentos mecânicos, e suas partes",Brasil,RJ,São João da Barra,Porto do Açu - Terminal TMULT e TCAR,Brasil,ES,Vitória,Vitória,1991860.58846
2025,Carga Geral,"84-Reatores nucleares, caldeiras, máquinas, aparelhos e instrumentos mecânicos, e suas partes",Brasil,SP,Guarujá,Santos,Brasil,ES,Vitória,Vitória,544004.307
2025,Carga Geral,"84-Reatores nucleares, caldeiras, máquinas, aparelhos e instrumentos mecânicos, e suas partes",Brasil,SP,Guarujá,Santos,Brasil,PR,Paranaguá,Paranaguá,8865.516240000001
2025,Carga Geral,"84-Reatores nucleares, caldeiras, máquinas, aparelhos e instrumentos mecânicos, e suas partes",-,-,-,-,-,-,-,-,0
2025,Carga Geral,"85-Máquinas, aparelhos e materiais elétricos, e suas partes; aparelhos de gravação ou de reprodução de som, aparelhos de gravação ou de reprodução de imagens e de som em televisão, e suas partes e acessórios",Brasil,CE,São Gonçalo do Amarante,Terminal Portuário do Pecém,Brasil,RS,Rio Grande,Rio Grande,376416.7820999999
2025,Carga Geral,"85-Máquinas, aparelhos e materiais elétricos, e suas partes; aparelhos de gravação ou de reprodução de som, aparelhos de gravação ou de reprodução de imagens e de som em televisão, e suas partes e acessórios",Brasil,CE,São Gonçalo do Amarante,Terminal Portuário do Pecém,Brasil,CE,Fortaleza,Fortaleza,66748.88220000001
2025,Carga Geral,"85-Máquinas, aparelhos e materiais elétricos, e suas partes; aparelhos de gravação ou de reprodução de som, aparelhos de gravação ou de reprodução de imagens e de som em televisão, e suas partes e acessórios",Brasil,ES,Vitória,Vitória,Brasil,RJ,Angra dos Reis,Angra dos Reis,307960.98353
2025,Carga Geral,"85-Máquinas, aparelhos e materiais elétricos, e suas partes; aparelhos de gravação ou de reprodução de som, aparelhos de gravação ou de reprodução de imagens e de som em televisão, e suas partes e acessórios",Brasil,PE,Ipojuca,Suape,Brasil,RS,Rio Grande,Rio Grande,801877.9320000001
2025,Carga Geral,"85-Máquinas, aparelhos e materiais elétricos, e suas partes; aparelhos de gravação ou de reprodução de som, aparelhos de gravação ou de reprodução de imagens e de som em televisão, e suas partes e acessórios",Brasil,RJ,Itaguaí,Itaguaí,Brasil,PA,Barcarena,Vila do Conde,2302579.7068
2025,Carga Geral,"85-Máquinas, aparelhos e materiais elétricos, e suas partes; aparelhos de gravação ou de reprodução de som, aparelhos de gravação ou de reprodução de imagens e de som em televisão, e suas partes e acessórios",Brasil,RJ,Itaguaí,Itaguaí,Brasil,PA,Belém,Belém,984903.5679999999
2025,Carga Geral,"85-Máquinas, aparelhos e materiais elétricos, e suas partes; aparelhos de gravação ou de reprodução de som, aparelhos de gravação ou de reprodução de imagens e de som em televisão, e suas partes e acessórios",-,-,-,-,-,-,-,-,0
2025,Carga Geral,"86-Veículos e material para vias férreas ou semelhantes, e suas partes; aparelhos mecânicos (incluindo os eletromecânicos) de sinalização para vias de comunicação",-,-,-,-,-,-,-,-,0
2025,Carga Geral,"87-Veículos automóveis, tratores, ciclos e outros veículos terrestres, suas partes e acessórios",Brasil,CE,Fortaleza,Fortaleza,Brasil,BA,Maragogipe,TUP Enseada Naval,0
2025,Carga Geral,"87-Veículos automóveis, tratores, ciclos e outros veículos terrestres, suas partes e acessórios",Brasil,PE,Ipojuca,Suape,Brasil,PR,Paranaguá,Paranaguá,2606841.56936
2025,Carga Geral,"87-Veículos automóveis, tratores, ciclos e outros veículos terrestres, suas partes e acessórios",Brasil,PE,Ipojuca,Suape,Brasil,ES,Vitória,Vitória,262713.62026
2025,Carga Geral,"87-Veículos automóveis, tratores, ciclos e outros veículos terrestres, suas partes e acessórios",Brasil,PE,Ipojuca,Suape,Brasil,SP,Guarujá,Santos,85465.13219999999
2025,Carga Geral,"87-Veículos automóveis, tratores, ciclos e outros veículos terrestres, suas partes e acessórios",Brasil,SP,Guarujá,Santos,Brasil,ES,Vitória,Vitória,432651.4006499999
2025,Carga Geral,"87-Veículos automóveis, tratores, ciclos e outros veículos terrestres, suas partes e acessórios",Brasil,SP,Guarujá,Santos,Brasil,PR,Paranaguá,Paranaguá,383.4122400000001
2025,Carga Geral,"87-Veículos automóveis, tratores, ciclos e outros veículos terrestres, suas partes e acessórios",-,-,-,-,-,-,-,-,0
2025,Carga Geral,"88-Aeronaves e aparelhos espaciais, e suas partes",-,-,-,-,-,-,-,-,0
2025,Carga Geral,89-Embarcações e estruturas flutuantes,-,-,-,-,-,-,-,-,0
2025,Carga Geral,"90-Instrumentos e aparelhos de óptica, de fotografia, de cinematografia, de medida, de controle ou de precisão; instrumentos e aparelhos médico-cirúrgicos; suas partes e acessórios",-,-,-,-,-,-,-,-,0
2025,Carga Geral,"94-Móveis; mobiliário médico-cirúrgico, colchões, almofadas e semelhantes; aparelhos de iluminação não especificados nem compreendidos em outros capítulos; anúncios, cartazes ou tabuletas e placas indicadoras luminosos, e artigos semelhantes; Construções Pré",-,-,-,-,-,-,-,-,0
2025,Carga Geral,"95-Brinquedos, jogos, artigos para divertimento ou para esporte; suas partes e acessórios",-,-,-,-,-,-,-,-,0
2025,Carga Geral,96-Obras diversas,-,-,-,-,-,-,-,-,0
2025,Carga Geral,"97-Objetos de arte, de coleção e antiguidades",-,-,-,-,-,-,-,-,0
2025,Carga Geral,99-Transações especiais,Brasil,SP,Guarujá,Santos,Brasil,SP,Santos,DP World Santos,1.0582
2025,Carga Geral,99-Transações especiais,-,-,-,-,-,-,-,-,0
2025,Carga Geral,AF-Água de formação,-,-,-,-,-,-,-,-,0
2025,Carga Geral,CA-Carga de Apoio,Brasil,BA,Salvador,Salvador,Brasil,RJ,Rio de Janeiro,Rio de Janeiro,202475.9532
2025,Carga Geral,CA-Carga de Apoio,Brasil,ES,Vitória,Vitória,Brasil,RJ,Angra dos Reis,Angra dos Reis,115317.61
2025,Carga Geral,CA-Carga de Apoio,Brasil,ES,Vitória,Vitória,Brasil,RJ,Rio de Janeiro,Rio de Janeiro,118.3873
2025,Carga Geral,CA-Carga de Apoio,Brasil,Indeterminado,-,Terminais Interiores,Brasil,RJ,Rio de Janeiro,Rio de Janeiro,9431980
2025,Carga Geral,CA-Carga de Apoio,Brasil,RJ,-,A.D.S. Reparos Navais,Brasil,RJ,Rio de Janeiro,Rio de Janeiro,8183.983999999996
2025,Carga Geral,CA-Carga de Apoio,Brasil,RJ,Angra dos Reis,Angra dos Reis,Brasil,RJ,Rio de Janeiro,Rio de Janeiro,34514349.58502997
2025,Carga Geral,CA-Carga de Apoio,Brasil,RJ,Macaé,Porto Engenheiro Zephyrino Lavanère Machado Filho,Brasil,RJ,Rio de Janeiro,Rio de Janeiro,148188.348
2025,Carga Geral,CA-Carga de Apoio,Brasil,RJ,Niterói,Niterói,Brasil,ES,Vitória,Vitória,42967.6296
2025,Carga Geral,CA-Carga de Apoio,Brasil,RJ,Niterói,Niterói,Brasil,RJ,Niterói,Subsea 7 do Brasil Serviços LTDA,0
2025,Carga Geral,CA-Carga de Apoio,Brasil,RJ,Rio de Janeiro,Rio de Janeiro,Brasil,ES,Vitória,Vitória,5242357.317
2025,Carga Geral,CA-Carga de Apoio,Brasil,RJ,Rio de Janeiro,Rio de Janeiro,Brasil,RJ,Niterói,Subsea 7 do Brasil Serviços LTDA,492.78
2025,Carga Geral,CA-Carga de Apoio,Brasil,RJ,Rio de Janeiro,Rio de Janeiro,Brasil,RJ,Itaguaí,Itaguaí,3.503430000000001
2025,Carga Geral,CA-Carga de Apoio,Brasil,RJ,São João da Barra,Porto do Açu - Terminal de Minério,Brasil,ES,Vitória,Vitória,941139.5455400001
2025,Carga Geral,CA-Carga de Apoio,Brasil,RJ,São João da Barra,Porto do Açu - Terminal TMULT e TCAR,Brasil,ES,Vitória,Vitória,203967
2025,Carga Geral,CA-Carga de Apoio,Brasil,RJ,São João da Barra,Porto do Açu - Terminal TMULT e TCAR,Brasil,RJ,Rio de Janeiro,Rio de Janeiro,48879.30627999999
2025,Carga Geral,CA-Carga de Apoio,Brasil,SP,Guarujá,Santos,Brasil,RJ,Niterói,Subsea 7 do Brasil Serviços LTDA,10683.0342
2025,Carga Geral,CA-Carga de Apoio,Brasil,SP,Guarujá,Santos,Brasil,RJ,Rio de Janeiro,Rio de Janeiro,8096.9955
2025,Carga Geral,CA-Carga de Apoio,Brasil,ZEE/Plat. Continental,-,Bacia Sedimentar Pernambuco-Paraíba,Brasil,SE,Barra dos Coqueiros,Terminal Marítimo Inácio Barbosa - TMIB,38560.50816
2025,Carga Geral,CA-Carga de Apoio,Brasil,ZEE/Plat. Continental,-,Bacia Sedimentar SEAL,Brasil,SE,Barra dos Coqueiros,Terminal Marítimo Inácio Barbosa - TMIB,7072560.13835
2025,Carga Geral,CA-Carga de Apoio,Brasil,ZEE/Plat. Continental,-,FPSO Brasil,Brasil,RJ,São João da Barra,Terminal Dome,579755.9204999998
2025,Carga Geral,CA-Carga de Apoio,Brasil,ZEE/Plat. Continental,-,FPSO Frade,Brasil,RJ,São João da Barra,Terminal Dome,0
2025,Carga Geral,CA-Carga de Apoio,-,-,-,-,-,-,-,-,0
2025,Carga Geral,CM-Caminhão,-,-,-,-,-,-,-,-,0
2025,Carga Geral,SR-Semirreboque baú,-,-,-,-,-,-,-,-,0
2025,Granel Líquido e Gasoso,10-Cereais,-,-,-,-,-,-,-,-,0
2025,Granel Líquido e Gasoso,11-Produtos da indústria de moagem; malte; amidos e féculas; inulina; glúten de trigo,-,-,-,-,-,-,-,-,0
2025,Granel Líquido e Gasoso,"12-Sementes e frutos oleaginosos; grãos, sementes e frutos diversos; plantas industriais ou medicinais; palhas e forragens",-,-,-,-,-,-,-,-,0
2025,Granel Líquido e Gasoso,15-Gorduras e óleos animais ou vegetais; produtos da sua dissociação; gorduras alimentares elaboradas; ceras de origem animal ou vegetal,-,-,-,-,-,-,-,-,0
2025,Granel Líquido e Gasoso,17-Açúcares e produtos de confeitaria,-,-,-,-,-,-,-,-,0
2025,Granel Líquido e Gasoso,"20-Preparações de produtos hortícolas, de frutas ou de outras partes de plantas",-,-,-,-,-,-,-,-,0
2025,Granel Líquido e Gasoso,21-Preparações alimentícias diversas,-,-,-,-,-,-,-,-,0
2025,Granel Líquido e Gasoso,"22-Bebidas, líquidos alcoólicos e vinagres",Brasil,BA,Candeias,Aratu,Brasil,PE,Ipojuca,Suape,4735611.010790001
2025,Granel Líquido e Gasoso,"22-Bebidas, líquidos alcoólicos e vinagres",Brasil,MA,São Luís,Itaqui,Brasil,PE,Ipojuca,Suape,124928407.23236
2025,Granel Líquido e Gasoso,"22-Bebidas, líquidos alcoólicos e vinagres",Brasil,MA,São Luís,Itaqui,Brasil,CE,Fortaleza,Fortaleza,11108957.11784
2025,Granel Líquido e Gasoso,"22-Bebidas, líquidos alcoólicos e vinagres",Brasil,PE,Ipojuca,Suape,Brasil,PB,Cabedelo,Cabedelo,786033.0438400001
2025,Granel Líquido e Gasoso,"22-Bebidas, líquidos alcoólicos e vinagres",Brasil,PR,Paranaguá,Paranaguá,Brasil,PE,Ipojuca,Suape,227786567.36642
2025,Granel Líquido e Gasoso,"22-Bebidas, líquidos alcoólicos e vinagres",Brasil,RJ,Rio de Janeiro,Rio de Janeiro,Brasil,PE,Ipojuca,Suape,256461010.70436
2025,Granel Líquido e Gasoso,"22-Bebidas, líquidos alcoólicos e vinagres",Brasil,RJ,Rio de Janeiro,Rio de Janeiro,Brasil,PB,Cabedelo,Cabedelo,70120274.16848999
2025,Granel Líquido e Gasoso,"22-Bebidas, líquidos alcoólicos e vinagres",Brasil,RJ,Rio de Janeiro,Terminal Aquaviário da Ilha D'Água,Brasil,PE,Ipojuca,Suape,113571464.59711
2025,Granel Líquido e Gasoso,"22-Bebidas, líquidos alcoólicos e vinagres",Brasil,SP,Guarujá,Santos,Brasil,BA,Candeias,Aratu,98963786.09294999
2025,Granel Líquido e Gasoso,"22-Bebidas, líquidos alcoólicos e vinagres",Brasil,SP,Guarujá,Santos,Brasil,RS,Rio Grande,Rio Grande,47026068.39554999
2025,Granel Líquido e Gasoso,"22-Bebidas, líquidos alcoólicos e vinagres",Brasil,SP,Guarujá,Santos,Brasil,PE,Ipojuca,Suape,40807846.83906
2025,Granel Líquido e Gasoso,"22-Bebidas, líquidos alcoólicos e vinagres",Brasil,SP,Guarujá,Santos,Brasil,PB,Cabedelo,Cabedelo,17479838.73678
2025,Granel Líquido e Gasoso,"22-Bebidas, líquidos alcoólicos e vinagres",-,-,-,-,-,-,-,-,0
2025,Granel Líquido e Gasoso,"25-Sal; enxofre; terras e pedras; gesso, cal e cimento",-,-,-,-,-,-,-,-,0
2025,Granel Líquido e Gasoso,"26-Minerios, escórias e cinzas",Brasil,PA,Juruti,Terminal Fluvial de Juruti,Brasil,MA,São Luís,Terminal Portuário Privativo da Alumar,396389356.41
2025,Granel Líquido e Gasoso,"26-Minerios, escórias e cinzas",Brasil,PA,Oriximiná,Terminal Trombetas,Brasil,MA,São Luís,Terminal Portuário Privativo da Alumar,131423216.68
2025,Granel Líquido e Gasoso,"26-Minerios, escórias e cinzas",-,-,-,-,-,-,-,-,0
2025,Granel Líquido e Gasoso,"27-Combustíveis minerais, óleos minerais e produtos da sua destilação; matérias betuminosas; ceras minerais",Brasil,AL,Maceió,Maceió,Brasil,RJ,Rio de Janeiro,Rio de Janeiro,2405805770.56446
2025,Granel Líquido e Gasoso,"27-Combustíveis minerais, óleos minerais e produtos da sua destilação; matérias betuminosas; ceras minerais",Brasil,AL,Maceió,Maceió,Brasil,RS,Rio Grande,Rio Grande,322599231.06012
2025,Granel Líquido e Gasoso,"27-Combustíveis minerais, óleos minerais e produtos da sua destilação; matérias betuminosas; ceras minerais",Brasil,AL,Maceió,Maceió,Brasil,PB,Cabedelo,Cabedelo,61980999.91604999
2025,Granel Líquido e Gasoso,"27-Combustíveis minerais, óleos minerais e produtos da sua destilação; matérias betuminosas; ceras minerais",Brasil,AL,Maceió,Maceió,Brasil,BA,Madre de Deus,Terminal Aquaviário de Madre de Deus,49922828.44449997
2025,Granel Líquido e Gasoso,"27-Combustíveis minerais, óleos minerais e produtos da sua destilação; matérias betuminosas; ceras minerais",Brasil,AL,Maceió,Maceió,Brasil,CE,Fortaleza,Fortaleza,35288172.45125
2025,Granel Líquido e Gasoso,"27-Combustíveis minerais, óleos minerais e produtos da sua destilação; matérias betuminosas; ceras minerais",Brasil,AL,Maceió,Maceió,Brasil,RN,Guamaré,Terminal Aquaviário de Guamaré,6059833.007760001
2025,Granel Líquido e Gasoso,"27-Combustíveis minerais, óleos minerais e produtos da sua destilação; matérias betuminosas; ceras minerais",Brasil,AL,Maceió,Maceió,Brasil,PE,Ipojuca,Suape,1272318.4
2025,Granel Líquido e Gasoso,"27-Combustíveis minerais, óleos minerais e produtos da sua destilação; matérias betuminosas; ceras minerais",Brasil,AM,Coari,Coari,Brasil,RS,Osório,Terminal Aquaviário de Osório,294281589.85
2025,Granel Líquido e Gasoso,"27-Combustíveis minerais, óleos minerais e produtos da sua destilação; matérias betuminosas; ceras minerais",Brasil,AM,Coari,Coari,Brasil,MA,São Luís,Itaqui,36731335.44222
2025,Granel Líquido e Gasoso,"27-Combustíveis minerais, óleos minerais e produtos da sua destilação; matérias betuminosas; ceras minerais",Brasil,AM,Coari,Coari,Brasil,CE,Fortaleza,Fortaleza,7404701.02089
2025,Granel Líquido e Gasoso,"27-Combustíveis minerais, óleos minerais e produtos da sua destilação; matérias betuminosas; ceras minerais",Brasil,AM,Itacoatiara,IP4 Itacoatiara,Brasil,MA,São Luís,Itaqui,9630743.890949998
2025,Granel Líquido e Gasoso,"27-Combustíveis minerais, óleos minerais e produtos da sua destilação; matérias betuminosas; ceras minerais",Brasil,AM,Manaus,Manaus,Brasil,SP,São Sebastião,Terminal Aquaviário de São Sebastião (Almirante Barroso),924286906.9746001
2025,Granel Líquido e Gasoso,"27-Combustíveis minerais, óleos minerais e produtos da sua destilação; matérias betuminosas; ceras minerais",Brasil,AM,Manaus,Terminal Aquaviário de Manaus,Brasil,RS,Osório,Terminal Aquaviário de Osório,257027797.5552
2025,Granel Líquido e Gasoso,"27-Combustíveis minerais, óleos minerais e produtos da sua destilação; matérias betuminosas; ceras minerais",Brasil,AM,Manaus,Terminal Aquaviário de Manaus,Brasil,SC,São Francisco do Sul,Terminal Aquaviário de São Francisco do Sul,250819270.63034
2025,Granel Líquido e Gasoso,"27-Combustíveis minerais, óleos minerais e produtos da sua destilação; matérias betuminosas; ceras minerais",Brasil,AM,Manaus,Terminal Aquaviário de Manaus,Brasil,RJ,Rio de Janeiro,Terminal Aquaviário da Ilha D'Água,180933784.75
2025,Granel Líquido e Gasoso,"27-Combustíveis minerais, óleos minerais e produtos da sua destilação; matérias betuminosas; ceras minerais",Brasil,BA,Candeias,Aratu,Brasil,MA,São Luís,Itaqui,864381245.5990498
2025,Granel Líquido e Gasoso,"27-Combustíveis minerais, óleos minerais e produtos da sua destilação; matérias betuminosas; ceras minerais",Brasil,BA,Candeias,Aratu,Brasil,PE,Ipojuca,Suape,391574818.12065
2025,Granel Líquido e Gasoso,"27-Combustíveis minerais, óleos minerais e produtos da sua destilação; matérias betuminosas; ceras minerais",Brasil,BA,Candeias,Aratu,Brasil,PR,Paranaguá,Cattalini Terminais Marítimos,169110897.42115
2025,Granel Líquido e Gasoso,"27-Combustíveis minerais, óleos minerais e produtos da sua destilação; matérias betuminosas; ceras minerais",Brasil,BA,Candeias,Aratu,Brasil,PA,Belém,Belém,136614015.22643
2025,Granel Líquido e Gasoso,"27-Combustíveis minerais, óleos minerais e produtos da sua destilação; matérias betuminosas; ceras minerais",Brasil,BA,Candeias,Aratu,Brasil,SP,Guarujá,Santos,130298965.52805
2025,Granel Líquido e Gasoso,"27-Combustíveis minerais, óleos minerais e produtos da sua destilação; matérias betuminosas; ceras minerais",Brasil,BA,Candeias,Aratu,Brasil,RJ,Rio de Janeiro,Terminal Ilha do Governador,83917160.45499
2025,Granel Líquido e Gasoso,"27-Combustíveis minerais, óleos minerais e produtos da sua destilação; matérias betuminosas; ceras minerais",Brasil,BA,Candeias,Aratu,Brasil,CE,Fortaleza,Fortaleza,61386846.95467
2025,Granel Líquido e Gasoso,"27-Combustíveis minerais, óleos minerais e produtos da sua destilação; matérias betuminosas; ceras minerais",Brasil,BA,Candeias,Aratu,Brasil,RS,Rio Grande,Rio Grande,37534661.1585
2025,Granel Líquido e Gasoso,"27-Combustíveis minerais, óleos minerais e produtos da sua destilação; matérias betuminosas; ceras minerais",Brasil,BA,Candeias,Aratu,Brasil,PR,Paranaguá,Paranaguá,30811254.91793
2025,Granel Líquido e Gasoso,"27-Combustíveis minerais, óleos minerais e produtos da sua destilação; matérias betuminosas; ceras minerais",Brasil,BA,Candeias,Aratu,Brasil,PB,Cabedelo,Cabedelo,29025068.38462
2025,Granel Líquido e Gasoso,"27-Combustíveis minerais, óleos minerais e produtos da sua destilação; matérias betuminosas; ceras minerais",Brasil,BA,Candeias,Aratu,Brasil,RJ,Rio de Janeiro,Terminal Aquaviário da Ilha D'Água,17001458.4557
2025,Granel Líquido e Gasoso,"27-Combustíveis minerais, óleos minerais e produtos da sua destilação; matérias betuminosas; ceras minerais",Brasil,BA,Candeias,Aratu,Brasil,AL,Maceió,Maceió,3585940.74468
2025,Granel Líquido e Gasoso,"27-Combustíveis minerais, óleos minerais e produtos da sua destilação; matérias betuminosas; ceras minerais",Brasil,BA,Madre de Deus,Terminal Aquaviário de Madre de Deus,Brasil,PA,Barcarena,Vila do Conde,404772586.4546999
2025,Granel Líquido e Gasoso,"27-Combustíveis minerais, óleos minerais e produtos da sua destilação; matérias betuminosas; ceras minerais",Brasil,BA,Madre de Deus,Terminal Aquaviário de Madre de Deus,Brasil,PE,Ipojuca,Suape,145758699.32602
2025,Granel Líquido e Gasoso,"27-Combustíveis minerais, óleos minerais e produtos da sua destilação; matérias betuminosas; ceras minerais",Brasil,BA,Madre de Deus,Terminal Aquaviário de Madre de Deus,Brasil,PA,Belém,Belém,56113749.36710001
2025,Granel Líquido e Gasoso,"27-Combustíveis minerais, óleos minerais e produtos da sua destilação; matérias betuminosas; ceras minerais",Brasil,BA,Madre de Deus,Terminal Aquaviário de Madre de Deus,Brasil,PR,Paranaguá,Paranaguá,47505627.34406
2025,Granel Líquido e Gasoso,"27-Combustíveis minerais, óleos minerais e produtos da sua destilação; matérias betuminosas; ceras minerais",Brasil,BA,Madre de Deus,Terminal Aquaviário de Madre de Deus,Brasil,CE,Fortaleza,Fortaleza,28024800.4817
2025,Granel Líquido e Gasoso,"27-Combustíveis minerais, óleos minerais e produtos da sua destilação; matérias betuminosas; ceras minerais",Brasil,BA,Madre de Deus,Terminal Aquaviário de Madre de Deus,Brasil,RS,Rio Grande,Rio Grande,11989933.89507
2025,Granel Líquido e Gasoso,"27-Combustíveis minerais, óleos minerais e produtos da sua destilação; matérias betuminosas; ceras minerais",Brasil,BA,Madre de Deus,Terminal Aquaviário de Madre de Deus,Brasil,PB,Cabedelo,Cabedelo,7013801.021500002
2025,Granel Líquido e Gasoso,"27-Combustíveis minerais, óleos minerais e produtos da sua destilação; matérias betuminosas; ceras minerais",Brasil,BA,Madre de Deus,Terminal Aquaviário de Madre de Deus,Brasil,BA,Candeias,Aratu,7064.105
2025,Granel Líquido e Gasoso,"27-Combustíveis minerais, óleos minerais e produtos da sua destilação; matérias betuminosas; ceras minerais",Brasil,BA,Salvador,Salvador,Brasil,SP,São Sebastião,Terminal Aquaviário de São Sebastião (Almirante Barroso),110919348.4437
2025,Granel Líquido e Gasoso,"27-Combustíveis minerais, óleos minerais e produtos da sua destilação; matérias betuminosas; ceras minerais",Brasil,BA,Salvador,Salvador,Brasil,PR,Paranaguá,Paranaguá,64205351.44594999
2025,Granel Líquido e Gasoso,"27-Combustíveis minerais, óleos minerais e produtos da sua destilação; matérias betuminosas; ceras minerais",Brasil,BA,Salvador,Salvador,Brasil,PA,Belém,Belém,30374550.17415
2025,Granel Líquido e Gasoso,"27-Combustíveis minerais, óleos minerais e produtos da sua destilação; matérias betuminosas; ceras minerais",Brasil,BA,Salvador,Salvador,Brasil,AL,Maceió,Maceió,4441020.564299999
2025,Granel Líquido e Gasoso,"27-Combustíveis minerais, óleos minerais e produtos da sua destilação; matérias betuminosas; ceras minerais",Brasil,BA,Salvador,Salvador,Brasil,BA,Madre de Deus,Terminal Aquaviário de Madre de Deus,3388.02
2025,Granel Líquido e Gasoso,"27-Combustíveis minerais, óleos minerais e produtos da sua destilação; matérias betuminosas; ceras minerais",Brasil,BA,Salvador,Terminal de Regaseificação de GNL da Bahia - TRBA,Brasil,RJ,Rio de Janeiro,Terminal Flexível de GNL da Baía da Guanabara,25233568.8486
2025,Granel Líquido e Gasoso,"27-Combustíveis minerais, óleos minerais e produtos da sua destilação; matérias betuminosas; ceras minerais",Brasil,CE,Fortaleza,Fortaleza,Brasil,SP,São Sebastião,Terminal Aquaviário de São Sebastião (Almirante Barroso),140310353.87236
2025,Granel Líquido e Gasoso,"27-Combustíveis minerais, óleos minerais e produtos da sua destilação; matérias betuminosas; ceras minerais",Brasil,CE,Fortaleza,Fortaleza,Brasil,SP,Guarujá,Santos,74271084.67290001
2025,Granel Líquido e Gasoso,"27-Combustíveis minerais, óleos minerais e produtos da sua destilação; matérias betuminosas; ceras minerais",Brasil,CE,Fortaleza,Fortaleza,Brasil,PE,Ipojuca,Suape,72173549.79132
2025,Granel Líquido e Gasoso,"27-Combustíveis minerais, óleos minerais e produtos da sua destilação; matérias betuminosas; ceras minerais",Brasil,CE,Fortaleza,Fortaleza,Brasil,MA,São Luís,Itaqui,59781924.42407998
2025,Granel Líquido e Gasoso,"27-Combustíveis minerais, óleos minerais e produtos da sua destilação; matérias betuminosas; ceras minerais",Brasil,CE,Fortaleza,Fortaleza,Brasil,PB,Cabedelo,Cabedelo,27336570.85908
2025,Granel Líquido e Gasoso,"27-Combustíveis minerais, óleos minerais e produtos da sua destilação; matérias betuminosas; ceras minerais",Brasil,CE,Fortaleza,Fortaleza,Brasil,PR,Paranaguá,Paranaguá,25199351.9206
2025,Granel Líquido e Gasoso,"27-Combustíveis minerais, óleos minerais e produtos da sua destilação; matérias betuminosas; ceras minerais",Brasil,CE,Fortaleza,Fortaleza,Brasil,AL,Maceió,Maceió,24942218.8228
2025,Granel Líquido e Gasoso,"27-Combustíveis minerais, óleos minerais e produtos da sua destilação; matérias betuminosas; ceras minerais",Brasil,CE,Fortaleza,Fortaleza,Brasil,RJ,Rio de Janeiro,Rio de Janeiro,22351234.2108
2025,Granel Líquido e Gasoso,"27-Combustíveis minerais, óleos minerais e produtos da sua destilação; matérias betuminosas; ceras minerais",Brasil,CE,Fortaleza,Fortaleza,Brasil,PA,Barcarena,Vila do Conde,9080694.2554
2025,Granel Líquido e Gasoso,"27-Combustíveis minerais, óleos minerais e produtos da sua destilação; matérias betuminosas; ceras minerais",Brasil,CE,Fortaleza,Fortaleza,Brasil,MA,São Luís,Terminal Portuário Privativo da Alumar,6186502.680170001
2025,Granel Líquido e Gasoso,"27-Combustíveis minerais, óleos minerais e produtos da sua destilação; matérias betuminosas; ceras minerais",Brasil,CE,Fortaleza,Fortaleza,Brasil,PA,Belém,Belém,6076579.7312
2025,Granel Líquido e Gasoso,"27-Combustíveis minerais, óleos minerais e produtos da sua destilação; matérias betuminosas; ceras minerais",Brasil,CE,Fortaleza,Fortaleza,Brasil,BA,Madre de Deus,Terminal Aquaviário de Madre de Deus,108964.1696
2025,Granel Líquido e Gasoso,"27-Combustíveis minerais, óleos minerais e produtos da sua destilação; matérias betuminosas; ceras minerais",Brasil,ES,-,Barra do Riacho,Brasil,PR,Paranaguá,Paranaguá,41762036.32251
2025,Granel Líquido e Gasoso,"27-Combustíveis minerais, óleos minerais e produtos da sua destilação; matérias betuminosas; ceras minerais",Brasil,ES,-,Barra do Riacho,Brasil,SP,São Sebastião,Terminal Aquaviário de São Sebastião (Almirante Barroso),15109303.96144
2025,Granel Líquido e Gasoso,"27-Combustíveis minerais, óleos minerais e produtos da sua destilação; matérias betuminosas; ceras minerais",Brasil,ES,Aracruz,Terminal Aquaviário de Barra do Riacho,Brasil,PA,Belém,Belém,7860792.134319998
2025,Granel Líquido e Gasoso,"27-Combustíveis minerais, óleos minerais e produtos da sua destilação; matérias betuminosas; ceras minerais",Brasil,ES,Vitória,Terminal de Tubarão,Brasil,RJ,Angra dos Reis,Terminal Aquaviário de Angra dos Reis,21331963.4192
2025,Granel Líquido e Gasoso,"27-Combustíveis minerais, óleos minerais e produtos da sua destilação; matérias betuminosas; ceras minerais",Brasil,ES,Vitória,Vitória,Brasil,PE,Ipojuca,Suape,1066556891.66116
2025,Granel Líquido e Gasoso,"27-Combustíveis minerais, óleos minerais e produtos da sua destilação; matérias betuminosas; ceras minerais",Brasil,ES,Vitória,Vitória,Brasil,RS,Osório,Terminal Aquaviário de Osório,131318987.4535
2025,Granel Líquido e Gasoso,"27-Combustíveis minerais, óleos minerais e produtos da sua destilação; matérias betuminosas; ceras minerais",Brasil,ES,Vitória,Vitória,Brasil,PR,Paranaguá,Paranaguá,21542129.59018
2025,Granel Líquido e Gasoso,"27-Combustíveis minerais, óleos minerais e produtos da sua destilação; matérias betuminosas; ceras minerais",Brasil,ES,Vitória,Vitória,Brasil,MA,São Luís,Itaqui,20860861.84745
2025,Granel Líquido e Gasoso,"27-Combustíveis minerais, óleos minerais e produtos da sua destilação; matérias betuminosas; ceras minerais",Brasil,ES,Vitória,Vitória,Brasil,BA,Madre de Deus,Terminal Aquaviário de Madre de Deus,19973642.2301
2025,Granel Líquido e Gasoso,"27-Combustíveis minerais, óleos minerais e produtos da sua destilação; matérias betuminosas; ceras minerais",Brasil,Indeterminado,-,Terminais Interiores,Brasil,RJ,Angra dos Reis,Terminal Aquaviário de Angra dos Reis,22620592.76990001
2025,Granel Líquido e Gasoso,"27-Combustíveis minerais, óleos minerais e produtos da sua destilação; matérias betuminosas; ceras minerais",Brasil,MA,São Luís,Itaqui,Brasil,AM,Itacoatiara,Terminais Fluviais do Brasil,1359117666.3296
2025,Granel Líquido e Gasoso,"27-Combustíveis minerais, óleos minerais e produtos da sua destilação; matérias betuminosas; ceras minerais",Brasil,MA,São Luís,Itaqui,Brasil,PA,Belém,Belém,426242979.16904
2025,Granel Líquido e Gasoso,"27-Combustíveis minerais, óleos minerais e produtos da sua destilação; matérias betuminosas; ceras minerais",Brasil,MA,São Luís,Itaqui,Brasil,PE,Ipojuca,Suape,222922440.2389999
2025,Granel Líquido e Gasoso,"27-Combustíveis minerais, óleos minerais e produtos da sua destilação; matérias betuminosas; ceras minerais",Brasil,MA,São Luís,Itaqui,Brasil,CE,Fortaleza,Fortaleza,198845015.46776
2025,Granel Líquido e Gasoso,"27-Combustíveis minerais, óleos minerais e produtos da sua destilação; matérias betuminosas; ceras minerais",Brasil,MA,São Luís,Itaqui,Brasil,SP,São Sebastião,Terminal Aquaviário de São Sebastião (Almirante Barroso),150683845.32
2025,Granel Líquido e Gasoso,"27-Combustíveis minerais, óleos minerais e produtos da sua destilação; matérias betuminosas; ceras minerais",Brasil,MA,São Luís,Itaqui,Brasil,PA,Barcarena,Vila do Conde,138698111.2784
2025,Granel Líquido e Gasoso,"27-Combustíveis minerais, óleos minerais e produtos da sua destilação; matérias betuminosas; ceras minerais",Brasil,MA,São Luís,Itaqui,Brasil,RJ,Rio de Janeiro,Terminal Aquaviário da Ilha D'Água,69619942.07421
2025,Granel Líquido e Gasoso,"27-Combustíveis minerais, óleos minerais e produtos da sua destilação; matérias betuminosas; ceras minerais",Brasil,MA,São Luís,Itaqui,Brasil,BA,Madre de Deus,Terminal Aquaviário de Madre de Deus,63341302.3716
2025,Granel Líquido e Gasoso,"27-Combustíveis minerais, óleos minerais e produtos da sua destilação; matérias betuminosas; ceras minerais",Brasil,MA,São Luís,Itaqui,Brasil,PB,Cabedelo,Cabedelo,54632099.80875999
2025,Granel Líquido e Gasoso,"27-Combustíveis minerais, óleos minerais e produtos da sua destilação; matérias betuminosas; ceras minerais",Brasil,MA,São Luís,Itaqui,Brasil,AL,Maceió,Maceió,34766189.02587
2025,Granel Líquido e Gasoso,"27-Combustíveis minerais, óleos minerais e produtos da sua destilação; matérias betuminosas; ceras minerais",Brasil,MA,São Luís,Terminal Portuário de São Luis,Brasil,PA,Barcarena,Vila do Conde,150250604.382
2025,Granel Líquido e Gasoso,"27-Combustíveis minerais, óleos minerais e produtos da sua destilação; matérias betuminosas; ceras minerais",Brasil,MA,São Luís,Terminal Portuário Privativo da Alumar,Brasil,PR,Paranaguá,Paranaguá,253921511.38269
2025,Granel Líquido e Gasoso,"27-Combustíveis minerais, óleos minerais e produtos da sua destilação; matérias betuminosas; ceras minerais",Brasil,MA,São Luís,Terminal Portuário Privativo da Alumar,Brasil,PA,Barcarena,Vila do Conde,0
2025,Granel Líquido e Gasoso,"27-Combustíveis minerais, óleos minerais e produtos da sua destilação; matérias betuminosas; ceras minerais",Brasil,PA,Barcarena,Vila do Conde,Brasil,MA,São Luís,Terminal Portuário Privativo da Alumar,16043350.41486
2025,Granel Líquido e Gasoso,"27-Combustíveis minerais, óleos minerais e produtos da sua destilação; matérias betuminosas; ceras minerais",Brasil,PA,Barcarena,Vila do Conde,Brasil,AL,Maceió,Maceió,15110462.34567001
2025,Granel Líquido e Gasoso,"27-Combustíveis minerais, óleos minerais e produtos da sua destilação; matérias betuminosas; ceras minerais",Brasil,PA,Belém,Belém,Brasil,MA,São Luís,Itaqui,100735876.98768
2025,Granel Líquido e Gasoso,"27-Combustíveis minerais, óleos minerais e produtos da sua destilação; matérias betuminosas; ceras minerais",Brasil,PA,Belém,Belém,Brasil,SP,São Sebastião,Terminal Aquaviário de São Sebastião (Almirante Barroso),8097022.20432
2025,Granel Líquido e Gasoso,"27-Combustíveis minerais, óleos minerais e produtos da sua destilação; matérias betuminosas; ceras minerais",Brasil,PA,Belém,Belém,Brasil,CE,Fortaleza,Fortaleza,5275174.20584
2025,Granel Líquido e Gasoso,"27-Combustíveis minerais, óleos minerais e produtos da sua destilação; matérias betuminosas; ceras minerais",Brasil,PA,Belém,Belém,Brasil,BA,Madre de Deus,Terminal Aquaviário de Madre de Deus,311814.67006
2025,Granel Líquido e Gasoso,"27-Combustíveis minerais, óleos minerais e produtos da sua destilação; matérias betuminosas; ceras minerais",Brasil,PB,Cabedelo,Cabedelo,Brasil,BA,Madre de Deus,Terminal Aquaviário de Madre de Deus,70693736.20303999
2025,Granel Líquido e Gasoso,"27-Combustíveis minerais, óleos minerais e produtos da sua destilação; matérias betuminosas; ceras minerais",Brasil,PB,Cabedelo,Cabedelo,Brasil,MA,São Luís,Itaqui,27684170.81748
2025,Granel Líquido e Gasoso,"27-Combustíveis minerais, óleos minerais e produtos da sua destilação; matérias betuminosas; ceras minerais",Brasil,PB,Cabedelo,Cabedelo,Brasil,CE,Fortaleza,Fortaleza,13435551.12396
2025,Granel Líquido e Gasoso,"27-Combustíveis minerais, óleos minerais e produtos da sua destilação; matérias betuminosas; ceras minerais",Brasil,PB,Cabedelo,Cabedelo,Brasil,PE,Ipojuca,Suape,4183588.52032
2025,Granel Líquido e Gasoso,"27-Combustíveis minerais, óleos minerais e produtos da sua destilação; matérias betuminosas; ceras minerais",Brasil,PB,Cabedelo,Cabedelo,Brasil,AP,Santana,TERMINAL DE MACAPA,3333372.87264
2025,Granel Líquido e Gasoso,"27-Combustíveis minerais, óleos minerais e produtos da sua destilação; matérias betuminosas; ceras minerais",Brasil,PE,Ipojuca,Estaleiro Atlântico Sul - EAS,Brasil,MA,São Luís,Terminal Portuário Privativo da Alumar,0
2025,Granel Líquido e Gasoso,"27-Combustíveis minerais, óleos minerais e produtos da sua destilação; matérias betuminosas; ceras minerais",Brasil,PE,Ipojuca,Suape,Brasil,MA,São Luís,Itaqui,1237302100.73144
2025,Granel Líquido e Gasoso,"27-Combustíveis minerais, óleos minerais e produtos da sua destilação; matérias betuminosas; ceras minerais",Brasil,PE,Ipojuca,Suape,Brasil,CE,Fortaleza,Fortaleza,1141440707.16772
2025,Granel Líquido e Gasoso,"27-Combustíveis minerais, óleos minerais e produtos da sua destilação; matérias betuminosas; ceras minerais",Brasil,PE,Ipojuca,Suape,Brasil,PA,Belém,Belém,1133559767.45088
2025,Granel Líquido e Gasoso,"27-Combustíveis minerais, óleos minerais e produtos da sua destilação; matérias betuminosas; ceras minerais",Brasil,PE,Ipojuca,Suape,Brasil,SP,São Sebastião,Terminal Aquaviário de São Sebastião (Almirante Barroso),1023105668.18754
2025,Granel Líquido e Gasoso,"27-Combustíveis minerais, óleos minerais e produtos da sua destilação; matérias betuminosas; ceras minerais",Brasil,PE,Ipojuca,Suape,Brasil,AM,Itacoatiara,Terminais Fluviais do Brasil,950680117.7176502
2025,Granel Líquido e Gasoso,"27-Combustíveis minerais, óleos minerais e produtos da sua destilação; matérias betuminosas; ceras minerais",Brasil,PE,Ipojuca,Suape,Brasil,RJ,Angra dos Reis,Terminal Aquaviário de Angra dos Reis,341211417.45152
2025,Granel Líquido e Gasoso,"27-Combustíveis minerais, óleos minerais e produtos da sua destilação; matérias betuminosas; ceras minerais",Brasil,PE,Ipojuca,Suape,Brasil,BA,Madre de Deus,Terminal Aquaviário de Madre de Deus,331290161.32454
2025,Granel Líquido e Gasoso,"27-Combustíveis minerais, óleos minerais e produtos da sua destilação; matérias betuminosas; ceras minerais",Brasil,PE,Ipojuca,Suape,Brasil,PR,Paranaguá,Paranaguá,266169900.26398
2025,Granel Líquido e Gasoso,"27-Combustíveis minerais, óleos minerais e produtos da sua destilação; matérias betuminosas; ceras minerais",Brasil,PE,Ipojuca,Suape,Brasil,RS,Osório,Terminal Aquaviário de Osório,198010203.566
2025,Granel Líquido e Gasoso,"27-Combustíveis minerais, óleos minerais e produtos da sua destilação; matérias betuminosas; ceras minerais",Brasil,PE,Ipojuca,Suape,Brasil,PA,Barcarena,Vila do Conde,131131021.86
2025,Granel Líquido e Gasoso,"27-Combustíveis minerais, óleos minerais e produtos da sua destilação; matérias betuminosas; ceras minerais",Brasil,PE,Ipojuca,Suape,Brasil,PA,Santarém,Santarém,129592931.02581
2025,Granel Líquido e Gasoso,"27-Combustíveis minerais, óleos minerais e produtos da sua destilação; matérias betuminosas; ceras minerais",Brasil,PE,Ipojuca,Suape,Brasil,BA,Candeias,Aratu,76789043.257
2025,Granel Líquido e Gasoso,"27-Combustíveis minerais, óleos minerais e produtos da sua destilação; matérias betuminosas; ceras minerais",Brasil,PE,Ipojuca,Suape,Brasil,RJ,Rio de Janeiro,Terminal Aquaviário da Ilha D'Água,53711269.10279001
2025,Granel Líquido e Gasoso,"27-Combustíveis minerais, óleos minerais e produtos da sua destilação; matérias betuminosas; ceras minerais",Brasil,PE,Ipojuca,Suape,Brasil,SP,Guarujá,Santos,45674660.45394
2025,Granel Líquido e Gasoso,"27-Combustíveis minerais, óleos minerais e produtos da sua destilação; matérias betuminosas; ceras minerais",Brasil,PE,Ipojuca,Suape,Brasil,AL,Maceió,Maceió,34062692.76494
2025,Granel Líquido e Gasoso,"27-Combustíveis minerais, óleos minerais e produtos da sua destilação; matérias betuminosas; ceras minerais",Brasil,PE,Ipojuca,Suape,Brasil,MA,São Luís,Terminal Portuário Privativo da Alumar,29667160.54688
2025,Granel Líquido e Gasoso,"27-Combustíveis minerais, óleos minerais e produtos da sua destilação; matérias betuminosas; ceras minerais",Brasil,PE,Ipojuca,Suape,Brasil,PB,Cabedelo,Cabedelo,18744966.99136
2025,Granel Líquido e Gasoso,"27-Combustíveis minerais, óleos minerais e produtos da sua destilação; matérias betuminosas; ceras minerais",Brasil,PE,Ipojuca,Suape,Brasil,ES,Aracruz,Terminal Aquaviário de Barra do Riacho,13715918.32827
2025,Granel Líquido e Gasoso,"27-Combustíveis minerais, óleos minerais e produtos da sua destilação; matérias betuminosas; ceras minerais",Brasil,PE,Ipojuca,Suape,Brasil,RN,Guamaré,Terminal Aquaviário de Guamaré,11010535.81032
2025,Granel Líquido e Gasoso,"27-Combustíveis minerais, óleos minerais e produtos da sua destilação; matérias betuminosas; ceras minerais",Brasil,PE,Ipojuca,Suape,Brasil,RJ,Rio de Janeiro,Terminal Aquaviário de Ilha Redonda e Terminal Aquaviário da Ilha Comprida,7190222.45852
2025,Granel Líquido e Gasoso,"27-Combustíveis minerais, óleos minerais e produtos da sua destilação; matérias betuminosas; ceras minerais",Brasil,PE,Recife,Recife,Brasil,RS,Rio Grande,Rio Grande,55174424.25984
2025,Granel Líquido e Gasoso,"27-Combustíveis minerais, óleos minerais e produtos da sua destilação; matérias betuminosas; ceras minerais",Brasil,PE,Recife,Recife,Brasil,RJ,Rio de Janeiro,Terminal Aquaviário de Ilha Redonda e Terminal Aquaviário da Ilha Comprida,14968927.28578
2025,Granel Líquido e Gasoso,"27-Combustíveis minerais, óleos minerais e produtos da sua destilação; matérias betuminosas; ceras minerais",Brasil,PE,Recife,Recife,Brasil,RN,Guamaré,Terminal Aquaviário de Guamaré,3557887.891439999
2025,Granel Líquido e Gasoso,"27-Combustíveis minerais, óleos minerais e produtos da sua destilação; matérias betuminosas; ceras minerais",Brasil,PR,Paranaguá,Cattalini Terminais Marítimos,Brasil,PB,Cabedelo,Cabedelo,11776217.52432
2025,Granel Líquido e Gasoso,"27-Combustíveis minerais, óleos minerais e produtos da sua destilação; matérias betuminosas; ceras minerais",Brasil,PR,Paranaguá,Paranaguá,Brasil,MA,São Luís,Terminal Portuário Privativo da Alumar,584431335.3070401
2025,Granel Líquido e Gasoso,"27-Combustíveis minerais, óleos minerais e produtos da sua destilação; matérias betuminosas; ceras minerais",Brasil,PR,Paranaguá,Paranaguá,Brasil,RS,Rio Grande,Rio Grande,272670545.86059
2025,Granel Líquido e Gasoso,"27-Combustíveis minerais, óleos minerais e produtos da sua destilação; matérias betuminosas; ceras minerais",Brasil,PR,Paranaguá,Paranaguá,Brasil,SP,São Sebastião,Terminal Aquaviário de São Sebastião (Almirante Barroso),136800374.91098
2025,Granel Líquido e Gasoso,"27-Combustíveis minerais, óleos minerais e produtos da sua destilação; matérias betuminosas; ceras minerais",Brasil,PR,Paranaguá,Paranaguá,Brasil,MA,São Luís,Itaqui,55295037.99999999
2025,Granel Líquido e Gasoso,"27-Combustíveis minerais, óleos minerais e produtos da sua destilação; matérias betuminosas; ceras minerais",Brasil,PR,Paranaguá,Paranaguá,Brasil,RJ,Angra dos Reis,Terminal Aquaviário de Angra dos Reis,26986627.88024
2025,Granel Líquido e Gasoso,"27-Combustíveis minerais, óleos minerais e produtos da sua destilação; matérias betuminosas; ceras minerais",Brasil,PR,Paranaguá,Paranaguá,Brasil,PA,Barcarena,Vila do Conde,18863320.686
2025,Granel Líquido e Gasoso,"27-Combustíveis minerais, óleos minerais e produtos da sua destilação; matérias betuminosas; ceras minerais",Brasil,RJ,-,FPSO Cidade de Itaguaí,Brasil,SP,São Sebastião,Terminal Aquaviário de São Sebastião (Almirante Barroso),688894582
2025,Granel Líquido e Gasoso,"27-Combustíveis minerais, óleos minerais e produtos da sua destilação; matérias betuminosas; ceras minerais",Brasil,RJ,Angra dos Reis,Angra dos Reis,Brasil,SP,São Sebastião,Terminal Aquaviário de São Sebastião (Almirante Barroso),7799742.289760001
2025,Granel Líquido e Gasoso,"27-Combustíveis minerais, óleos minerais e produtos da sua destilação; matérias betuminosas; ceras minerais",Brasil,RJ,Angra dos Reis,Terminal Aquaviário de Angra dos Reis,Brasil,BA,Madre de Deus,Terminal Aquaviário de Madre de Deus,1641629869.8986
2025,Granel Líquido e Gasoso,"27-Combustíveis minerais, óleos minerais e produtos da sua destilação; matérias betuminosas; ceras minerais",Brasil,RJ,Itaguaí,Itaguaí,Brasil,BA,Candeias,Aratu,52849028.07959999
2025,Granel Líquido e Gasoso,"27-Combustíveis minerais, óleos minerais e produtos da sua destilação; matérias betuminosas; ceras minerais",Brasil,RJ,Itaguaí,Itaguaí,Brasil,BA,Madre de Deus,Terminal Aquaviário de Madre de Deus,275607.11996
2025,Granel Líquido e Gasoso,"27-Combustíveis minerais, óleos minerais e produtos da sua destilação; matérias betuminosas; ceras minerais",Brasil,RJ,Rio de Janeiro,Rio de Janeiro,Brasil,MA,São Luís,Itaqui,1139256940.8715
2025,Granel Líquido e Gasoso,"27-Combustíveis minerais, óleos minerais e produtos da sua destilação; matérias betuminosas; ceras minerais",Brasil,RJ,Rio de Janeiro,Rio de Janeiro,Brasil,SP,São Sebastião,Terminal Aquaviário de São Sebastião (Almirante Barroso),862512334.1412503
2025,Granel Líquido e Gasoso,"27-Combustíveis minerais, óleos minerais e produtos da sua destilação; matérias betuminosas; ceras minerais",Brasil,RJ,Rio de Janeiro,Rio de Janeiro,Brasil,PE,Ipojuca,Suape,659466226.36301
2025,Granel Líquido e Gasoso,"27-Combustíveis minerais, óleos minerais e produtos da sua destilação; matérias betuminosas; ceras minerais",Brasil,RJ,Rio de Janeiro,Rio de Janeiro,Brasil,AM,Itacoatiara,Terminais Fluviais do Brasil,510400801.4274001
2025,Granel Líquido e Gasoso,"27-Combustíveis minerais, óleos minerais e produtos da sua destilação; matérias betuminosas; ceras minerais",Brasil,RJ,Rio de Janeiro,Rio de Janeiro,Brasil,SP,Guarujá,Santos,304515464.9949001
2025,Granel Líquido e Gasoso,"27-Combustíveis minerais, óleos minerais e produtos da sua destilação; matérias betuminosas; ceras minerais",Brasil,RJ,Rio de Janeiro,Rio de Janeiro,Brasil,CE,Fortaleza,Fortaleza,260521826.16075
2025,Granel Líquido e Gasoso,"27-Combustíveis minerais, óleos minerais e produtos da sua destilação; matérias betuminosas; ceras minerais",Brasil,RJ,Rio de Janeiro,Rio de Janeiro,Brasil,PR,Paranaguá,Paranaguá,237122262.15462
2025,Granel Líquido e Gasoso,"27-Combustíveis minerais, óleos minerais e produtos da sua destilação; matérias betuminosas; ceras minerais",Brasil,RJ,Rio de Janeiro,Rio de Janeiro,Brasil,PA,Belém,Belém,224919027.25145
2025,Granel Líquido e Gasoso,"27-Combustíveis minerais, óleos minerais e produtos da sua destilação; matérias betuminosas; ceras minerais",Brasil,RJ,Rio de Janeiro,Rio de Janeiro,Brasil,BA,Candeias,Aratu,115608796.302
2025,Granel Líquido e Gasoso,"27-Combustíveis minerais, óleos minerais e produtos da sua destilação; matérias betuminosas; ceras minerais",Brasil,RJ,Rio de Janeiro,Rio de Janeiro,Brasil,RN,Guamaré,Terminal Aquaviário de Guamaré,42255030.97585002
2025,Granel Líquido e Gasoso,"27-Combustíveis minerais, óleos minerais e produtos da sua destilação; matérias betuminosas; ceras minerais",Brasil,RJ,Rio de Janeiro,Rio de Janeiro,Brasil,PA,Barcarena,Vila do Conde,20904189.8807
2025,Granel Líquido e Gasoso,"27-Combustíveis minerais, óleos minerais e produtos da sua destilação; matérias betuminosas; ceras minerais",Brasil,RJ,Rio de Janeiro,Rio de Janeiro,Brasil,AL,Maceió,Maceió,12815395.69266
2025,Granel Líquido e Gasoso,"27-Combustíveis minerais, óleos minerais e produtos da sua destilação; matérias betuminosas; ceras minerais",Brasil,RJ,Rio de Janeiro,Rio de Janeiro,Brasil,RS,Canoas,TUP Supergasbrás,7622957.410050001
2025,Granel Líquido e Gasoso,"27-Combustíveis minerais, óleos minerais e produtos da sua destilação; matérias betuminosas; ceras minerais",Brasil,RJ,Rio de Janeiro,Rio de Janeiro,Brasil,RJ,Angra dos Reis,Terminal Aquaviário de Angra dos Reis,6132877.23312
2025,Granel Líquido e Gasoso,"27-Combustíveis minerais, óleos minerais e produtos da sua destilação; matérias betuminosas; ceras minerais",Brasil,RJ,Rio de Janeiro,Rio de Janeiro,Brasil,RJ,Rio de Janeiro,Terminal Ilha do Governador,204943.4387
2025,Granel Líquido e Gasoso,"27-Combustíveis minerais, óleos minerais e produtos da sua destilação; matérias betuminosas; ceras minerais",Brasil,RJ,Rio de Janeiro,Terminal Aquaviário da Ilha Comprida,Brasil,PA,Belém,Belém,16023636.18440001
2025,Granel Líquido e Gasoso,"27-Combustíveis minerais, óleos minerais e produtos da sua destilação; matérias betuminosas; ceras minerais",Brasil,RJ,Rio de Janeiro,Terminal Aquaviário da Ilha Comprida,Brasil,PE,Ipojuca,Suape,0
2025,Granel Líquido e Gasoso,"27-Combustíveis minerais, óleos minerais e produtos da sua destilação; matérias betuminosas; ceras minerais",Brasil,RJ,Rio de Janeiro,Terminal Aquaviário da Ilha D'Água,Brasil,BA,Madre de Deus,Terminal Aquaviário de Madre de Deus,321747809.712
2025,Granel Líquido e Gasoso,"27-Combustíveis minerais, óleos minerais e produtos da sua destilação; matérias betuminosas; ceras minerais",Brasil,RJ,Rio de Janeiro,Terminal Aquaviário da Ilha D'Água,Brasil,RS,Osório,Terminal Aquaviário de Osório,282755134.88666
2025,Granel Líquido e Gasoso,"27-Combustíveis minerais, óleos minerais e produtos da sua destilação; matérias betuminosas; ceras minerais",Brasil,RJ,Rio de Janeiro,Terminal Aquaviário da Ilha D'Água,Brasil,PA,Belém,Belém,99190716.62214001
2025,Granel Líquido e Gasoso,"27-Combustíveis minerais, óleos minerais e produtos da sua destilação; matérias betuminosas; ceras minerais",Brasil,RJ,Rio de Janeiro,Terminal Aquaviário da Ilha D'Água,Brasil,PE,Ipojuca,Suape,50538392.58910001
2025,Granel Líquido e Gasoso,"27-Combustíveis minerais, óleos minerais e produtos da sua destilação; matérias betuminosas; ceras minerais",Brasil,RJ,Rio de Janeiro,Terminal Aquaviário da Ilha D'Água,Brasil,RJ,Angra dos Reis,Terminal Aquaviário de Angra dos Reis,8293345.938040001
2025,Granel Líquido e Gasoso,"27-Combustíveis minerais, óleos minerais e produtos da sua destilação; matérias betuminosas; ceras minerais",Brasil,RJ,Rio de Janeiro,Terminal Aquaviário de Ilha Redonda e Terminal Aquaviário da Ilha Comprida,Brasil,PA,Belém,Belém,15594589.5121
2025,Granel Líquido e Gasoso,"27-Combustíveis minerais, óleos minerais e produtos da sua destilação; matérias betuminosas; ceras minerais",Brasil,RJ,Rio de Janeiro,Terminal Aquaviário de Ilha Redonda e Terminal Aquaviário da Ilha Comprida,Brasil,ES,Aracruz,Terminal Aquaviário de Barra do Riacho,3871483.7379
2025,Granel Líquido e Gasoso,"27-Combustíveis minerais, óleos minerais e produtos da sua destilação; matérias betuminosas; ceras minerais",Brasil,RJ,São João da Barra,Brasil Logística Offshore e Estaleiro Naval,Brasil,RJ,São João da Barra,Terminal de Combustíveis Marítimos do Açu - TECMA,62235.58
2025,Granel Líquido e Gasoso,"27-Combustíveis minerais, óleos minerais e produtos da sua destilação; matérias betuminosas; ceras minerais",Brasil,RN,Guamaré,Terminal Aquaviário de Guamaré,Brasil,PR,Paranaguá,Paranaguá,223604687.55612
2025,Granel Líquido e Gasoso,"27-Combustíveis minerais, óleos minerais e produtos da sua destilação; matérias betuminosas; ceras minerais",Brasil,RN,Guamaré,Terminal Aquaviário de Guamaré,Brasil,PA,Barcarena,Vila do Conde,34958870.2071
2025,Granel Líquido e Gasoso,"27-Combustíveis minerais, óleos minerais e produtos da sua destilação; matérias betuminosas; ceras minerais",Brasil,RN,Guamaré,Terminal Aquaviário de Guamaré,Brasil,PE,Ipojuca,Suape,3119401.175039999
2025,Granel Líquido e Gasoso,"27-Combustíveis minerais, óleos minerais e produtos da sua destilação; matérias betuminosas; ceras minerais",Brasil,RS,Cachoeira do Sul,Cachoeira do Sul,Brasil,AM,Itacoatiara,Terminais Fluviais do Brasil,60964252.89656
2025,Granel Líquido e Gasoso,"27-Combustíveis minerais, óleos minerais e produtos da sua destilação; matérias betuminosas; ceras minerais",Brasil,RS,Osório,Terminal Aquaviário de Osório,Brasil,MA,São Luís,Itaqui,645071555.8225
2025,Granel Líquido e Gasoso,"27-Combustíveis minerais, óleos minerais e produtos da sua destilação; matérias betuminosas; ceras minerais",Brasil,RS,Osório,Terminal Aquaviário de Osório,Brasil,PE,Ipojuca,Suape,103505759.16506
2025,Granel Líquido e Gasoso,"27-Combustíveis minerais, óleos minerais e produtos da sua destilação; matérias betuminosas; ceras minerais",Brasil,RS,Osório,Terminal Aquaviário de Osório,Brasil,PR,Paranaguá,Paranaguá,71292795.75507998
2025,Granel Líquido e Gasoso,"27-Combustíveis minerais, óleos minerais e produtos da sua destilação; matérias betuminosas; ceras minerais",Brasil,RS,Osório,Terminal Aquaviário de Osório,Brasil,RJ,Rio de Janeiro,Terminal Aquaviário da Ilha D'Água,52587701.15990001
2025,Granel Líquido e Gasoso,"27-Combustíveis minerais, óleos minerais e produtos da sua destilação; matérias betuminosas; ceras minerais",Brasil,RS,Osório,Terminal Aquaviário de Osório,Brasil,SC,São Francisco do Sul,Terminal Aquaviário de São Francisco do Sul,0
2025,Granel Líquido e Gasoso,"27-Combustíveis minerais, óleos minerais e produtos da sua destilação; matérias betuminosas; ceras minerais",Brasil,RS,Pelotas,Pelotas,Brasil,AM,Itacoatiara,Terminais Fluviais do Brasil,89092439.20647001
2025,Granel Líquido e Gasoso,"27-Combustíveis minerais, óleos minerais e produtos da sua destilação; matérias betuminosas; ceras minerais",Brasil,RS,Pelotas,Terminal Hidroviário Cimbagé,Brasil,PA,Belém,Belém,5172695.749
2025,Granel Líquido e Gasoso,"27-Combustíveis minerais, óleos minerais e produtos da sua destilação; matérias betuminosas; ceras minerais",Brasil,RS,Porto Alegre,Porto Alegre,Brasil,AM,Itacoatiara,Terminais Fluviais do Brasil,72340797.23108
2025,Granel Líquido e Gasoso,"27-Combustíveis minerais, óleos minerais e produtos da sua destilação; matérias betuminosas; ceras minerais",Brasil,RS,Rio Grande,Rio Grande,Brasil,MA,São Luís,Terminal Portuário Privativo da Alumar,580646153.8670399
2025,Granel Líquido e Gasoso,"27-Combustíveis minerais, óleos minerais e produtos da sua destilação; matérias betuminosas; ceras minerais",Brasil,RS,Rio Grande,Rio Grande,Brasil,AM,Itacoatiara,Terminais Fluviais do Brasil,125307632.034
2025,Granel Líquido e Gasoso,"27-Combustíveis minerais, óleos minerais e produtos da sua destilação; matérias betuminosas; ceras minerais",Brasil,RS,Rio Grande,Rio Grande,Brasil,MA,São Luís,Itaqui,62088513.7992
2025,Granel Líquido e Gasoso,"27-Combustíveis minerais, óleos minerais e produtos da sua destilação; matérias betuminosas; ceras minerais",Brasil,RS,Rio Grande,Rio Grande,Brasil,RJ,Angra dos Reis,Terminal Aquaviário de Angra dos Reis,55580009.96169
2025,Granel Líquido e Gasoso,"27-Combustíveis minerais, óleos minerais e produtos da sua destilação; matérias betuminosas; ceras minerais",Brasil,RS,Rio Grande,Rio Grande,Brasil,PR,Paranaguá,Paranaguá,55391112.03401999
2025,Granel Líquido e Gasoso,"27-Combustíveis minerais, óleos minerais e produtos da sua destilação; matérias betuminosas; ceras minerais",Brasil,SC,São Francisco do Sul,São Francisco do Sul,Brasil,SP,São Sebastião,Terminal Aquaviário de São Sebastião (Almirante Barroso),82362139.2832
2025,Granel Líquido e Gasoso,"27-Combustíveis minerais, óleos minerais e produtos da sua destilação; matérias betuminosas; ceras minerais",Brasil,SP,Guarujá,Santos,Brasil,AM,Itacoatiara,Terminais Fluviais do Brasil,1668407587.503489
2025,Granel Líquido e Gasoso,"27-Combustíveis minerais, óleos minerais e produtos da sua destilação; matérias betuminosas; ceras minerais",Brasil,SP,Guarujá,Santos,Brasil,MA,São Luís,Itaqui,1175510994.7113
2025,Granel Líquido e Gasoso,"27-Combustíveis minerais, óleos minerais e produtos da sua destilação; matérias betuminosas; ceras minerais",Brasil,SP,Guarujá,Santos,Brasil,PA,Santarém,Santarém,1175277462.528
2025,Granel Líquido e Gasoso,"27-Combustíveis minerais, óleos minerais e produtos da sua destilação; matérias betuminosas; ceras minerais",Brasil,SP,Guarujá,Santos,Brasil,ES,Vitória,Vitória,691473055.2723002
2025,Granel Líquido e Gasoso,"27-Combustíveis minerais, óleos minerais e produtos da sua destilação; matérias betuminosas; ceras minerais",Brasil,SP,Guarujá,Santos,Brasil,ES,Vitória,Terminal de Tubarão,574021331.6551999
2025,Granel Líquido e Gasoso,"27-Combustíveis minerais, óleos minerais e produtos da sua destilação; matérias betuminosas; ceras minerais",Brasil,SP,Guarujá,Santos,Brasil,PA,Belém,Belém,482525573.7533401
2025,Granel Líquido e Gasoso,"27-Combustíveis minerais, óleos minerais e produtos da sua destilação; matérias betuminosas; ceras minerais",Brasil,SP,Guarujá,Santos,Brasil,PE,Ipojuca,Suape,379484642.2374
2025,Granel Líquido e Gasoso,"27-Combustíveis minerais, óleos minerais e produtos da sua destilação; matérias betuminosas; ceras minerais",Brasil,SP,Guarujá,Santos,Brasil,PB,Cabedelo,Cabedelo,224018635.37496
2025,Granel Líquido e Gasoso,"27-Combustíveis minerais, óleos minerais e produtos da sua destilação; matérias betuminosas; ceras minerais",Brasil,SP,Guarujá,Santos,Brasil,AL,Maceió,Maceió,131025175.63522
2025,Granel Líquido e Gasoso,"27-Combustíveis minerais, óleos minerais e produtos da sua destilação; matérias betuminosas; ceras minerais",Brasil,SP,Guarujá,Santos,Brasil,PA,Barcarena,Vila do Conde,130477850.492
2025,Granel Líquido e Gasoso,"27-Combustíveis minerais, óleos minerais e produtos da sua destilação; matérias betuminosas; ceras minerais",Brasil,SP,Guarujá,Santos,Brasil,PR,Paranaguá,Paranaguá,108494409.14568
2025,Granel Líquido e Gasoso,"27-Combustíveis minerais, óleos minerais e produtos da sua destilação; matérias betuminosas; ceras minerais",Brasil,SP,Guarujá,Santos,Brasil,CE,Fortaleza,Fortaleza,92871366.69408
2025,Granel Líquido e Gasoso,"27-Combustíveis minerais, óleos minerais e produtos da sua destilação; matérias betuminosas; ceras minerais",Brasil,SP,Guarujá,Santos,Brasil,SP,São Sebastião,Terminal Aquaviário de São Sebastião (Almirante Barroso),88532080.93839999
2025,Granel Líquido e Gasoso,"27-Combustíveis minerais, óleos minerais e produtos da sua destilação; matérias betuminosas; ceras minerais",Brasil,SP,Guarujá,Santos,Brasil,RS,Rio Grande,Rio Grande,20532968.60865
2025,Granel Líquido e Gasoso,"27-Combustíveis minerais, óleos minerais e produtos da sua destilação; matérias betuminosas; ceras minerais",Brasil,SP,Guarujá,Santos,Brasil,BA,Candeias,Aratu,13691781.4833
2025,Granel Líquido e Gasoso,"27-Combustíveis minerais, óleos minerais e produtos da sua destilação; matérias betuminosas; ceras minerais",Brasil,SP,Guarujá,Santos,Brasil,RJ,Angra dos Reis,Terminal Aquaviário de Angra dos Reis,579037.6245799998
2025,Granel Líquido e Gasoso,"27-Combustíveis minerais, óleos minerais e produtos da sua destilação; matérias betuminosas; ceras minerais",Brasil,SP,São Sebastião,São Sebastião,Brasil,AM,Itacoatiara,Terminais Fluviais do Brasil,1785484178.70747
2025,Granel Líquido e Gasoso,"27-Combustíveis minerais, óleos minerais e produtos da sua destilação; matérias betuminosas; ceras minerais",Brasil,SP,São Sebastião,São Sebastião,Brasil,MA,São Luís,Itaqui,1330472050.61328
2025,Granel Líquido e Gasoso,"27-Combustíveis minerais, óleos minerais e produtos da sua destilação; matérias betuminosas; ceras minerais",Brasil,SP,São Sebastião,São Sebastião,Brasil,PE,Ipojuca,Suape,576320360.2729199
2025,Granel Líquido e Gasoso,"27-Combustíveis minerais, óleos minerais e produtos da sua destilação; matérias betuminosas; ceras minerais",Brasil,SP,São Sebastião,São Sebastião,Brasil,CE,Fortaleza,Fortaleza,468944130.3344
2025,Granel Líquido e Gasoso,"27-Combustíveis minerais, óleos minerais e produtos da sua destilação; matérias betuminosas; ceras minerais",Brasil,SP,São Sebastião,São Sebastião,Brasil,PR,Paranaguá,Paranaguá,234062948.36392
2025,Granel Líquido e Gasoso,"27-Combustíveis minerais, óleos minerais e produtos da sua destilação; matérias betuminosas; ceras minerais",Brasil,SP,São Sebastião,São Sebastião,Brasil,AL,Maceió,Maceió,67681778.63622001
2025,Granel Líquido e Gasoso,"27-Combustíveis minerais, óleos minerais e produtos da sua destilação; matérias betuminosas; ceras minerais",Brasil,SP,São Sebastião,São Sebastião,Brasil,PA,Belém,Belém,39143851.59720001
2025,Granel Líquido e Gasoso,"27-Combustíveis minerais, óleos minerais e produtos da sua destilação; matérias betuminosas; ceras minerais",Brasil,SP,São Sebastião,São Sebastião,Brasil,RJ,Angra dos Reis,Terminal Aquaviário de Angra dos Reis,1092194.23437
2025,Granel Líquido e Gasoso,"27-Combustíveis minerais, óleos minerais e produtos da sua destilação; matérias betuminosas; ceras minerais",Brasil,SP,São Sebastião,São Sebastião,Brasil,SP,São Sebastião,Terminal Aquaviário de São Sebastião (Almirante Barroso),195337.92214
2025,Granel Líquido e Gasoso,"27-Combustíveis minerais, óleos minerais e produtos da sua destilação; matérias betuminosas; ceras minerais",Brasil,SP,São Sebastião,Terminal Aquaviário de São Sebastião (Almirante Barroso),Brasil,BA,Madre de Deus,Terminal Aquaviário de Madre de Deus,660509384.0549999
2025,Granel Líquido e Gasoso,"27-Combustíveis minerais, óleos minerais e produtos da sua destilação; matérias betuminosas; ceras minerais",Brasil,SP,São Sebastião,Terminal Aquaviário de São Sebastião (Almirante Barroso),Brasil,PA,Belém,Belém,131176252.704
2025,Granel Líquido e Gasoso,"27-Combustíveis minerais, óleos minerais e produtos da sua destilação; matérias betuminosas; ceras minerais",Brasil,SP,São Sebastião,Terminal Aquaviário de São Sebastião (Almirante Barroso),Brasil,PE,Ipojuca,Suape,108312320.40174
2025,Granel Líquido e Gasoso,"27-Combustíveis minerais, óleos minerais e produtos da sua destilação; matérias betuminosas; ceras minerais",Brasil,SP,São Sebastião,Terminal Aquaviário de São Sebastião (Almirante Barroso),Brasil,PB,Cabedelo,Cabedelo,64896568.6868
2025,Granel Líquido e Gasoso,"27-Combustíveis minerais, óleos minerais e produtos da sua destilação; matérias betuminosas; ceras minerais",Brasil,SP,São Sebastião,Terminal Aquaviário de São Sebastião (Almirante Barroso),Brasil,RS,Osório,Terminal Aquaviário de Osório,56791723.176
2025,Granel Líquido e Gasoso,"27-Combustíveis minerais, óleos minerais e produtos da sua destilação; matérias betuminosas; ceras minerais",Brasil,SP,São Sebastião,Terminal Aquaviário de São Sebastião (Almirante Barroso),Brasil,SC,São Francisco do Sul,Terminal Aquaviário de São Francisco do Sul,52558880.064
2025,Granel Líquido e Gasoso,"27-Combustíveis minerais, óleos minerais e produtos da sua destilação; matérias betuminosas; ceras minerais",Brasil,SP,São Sebastião,Terminal Aquaviário de São Sebastião (Almirante Barroso),Brasil,PA,Barcarena,Vila do Conde,30423802.383
2025,Granel Líquido e Gasoso,"27-Combustíveis minerais, óleos minerais e produtos da sua destilação; matérias betuminosas; ceras minerais",Brasil,SP,São Sebastião,Terminal Aquaviário de São Sebastião (Almirante Barroso),Brasil,RJ,Rio de Janeiro,Terminal Aquaviário da Ilha D'Água,9410343.66767
2025,Granel Líquido e Gasoso,"27-Combustíveis minerais, óleos minerais e produtos da sua destilação; matérias betuminosas; ceras minerais",Brasil,ZEE/Plat. Continental,-,Bacia Sedimentar de Campos,Brasil,SP,São Sebastião,Terminal Aquaviário de São Sebastião (Almirante Barroso),10915593847.8744
2025,Granel Líquido e Gasoso,"27-Combustíveis minerais, óleos minerais e produtos da sua destilação; matérias betuminosas; ceras minerais",Brasil,ZEE/Plat. Continental,-,Bacia Sedimentar de Campos,Brasil,RJ,Angra dos Reis,Terminal Aquaviário de Angra dos Reis,2503809128.639699
2025,Granel Líquido e Gasoso,"27-Combustíveis minerais, óleos minerais e produtos da sua destilação; matérias betuminosas; ceras minerais",Brasil,ZEE/Plat. Continental,-,Bacia Sedimentar de Campos,Brasil,RS,Osório,Terminal Aquaviário de Osório,2191698791.7456
2025,Granel Líquido e Gasoso,"27-Combustíveis minerais, óleos minerais e produtos da sua destilação; matérias betuminosas; ceras minerais",Brasil,ZEE/Plat. Continental,-,Bacia Sedimentar de Campos,Brasil,RJ,Rio de Janeiro,Terminal Aquaviário da Ilha D'Água,1467236047.1692
2025,Granel Líquido e Gasoso,"27-Combustíveis minerais, óleos minerais e produtos da sua destilação; matérias betuminosas; ceras minerais",Brasil,ZEE/Plat. Continental,-,Bacia Sedimentar de Campos,Brasil,SC,São Francisco do Sul,Terminal Aquaviário de São Francisco do Sul,649324001.3591999
2025,Granel Líquido e Gasoso,"27-Combustíveis minerais, óleos minerais e produtos da sua destilação; matérias betuminosas; ceras minerais",Brasil,ZEE/Plat. Continental,-,Bacia Sedimentar de Campos,Brasil,BA,Madre de Deus,Terminal Aquaviário de Madre de Deus,648501356.9338
2025,Granel Líquido e Gasoso,"27-Combustíveis minerais, óleos minerais e produtos da sua destilação; matérias betuminosas; ceras minerais",Brasil,ZEE/Plat. Continental,-,Bacia Sedimentar de Campos,Brasil,PE,Ipojuca,Suape,487454070.21404
2025,Granel Líquido e Gasoso,"27-Combustíveis minerais, óleos minerais e produtos da sua destilação; matérias betuminosas; ceras minerais",Brasil,ZEE/Plat. Continental,-,Bacia Sedimentar de Campos,Brasil,RJ,São João da Barra,Terminal de Petróleo TPET/TOIL - Açu,266618656.836
2025,Granel Líquido e Gasoso,"27-Combustíveis minerais, óleos minerais e produtos da sua destilação; matérias betuminosas; ceras minerais",Brasil,ZEE/Plat. Continental,-,Bacia Sedimentar de Santos,Brasil,RJ,São João da Barra,Terminal de Petróleo TPET/TOIL - Açu,27620815070.474
2025,Granel Líquido e Gasoso,"27-Combustíveis minerais, óleos minerais e produtos da sua destilação; matérias betuminosas; ceras minerais",Brasil,ZEE/Plat. Continental,-,Bacia Sedimentar de Santos,Brasil,RJ,Angra dos Reis,Terminal Aquaviário de Angra dos Reis,14829522901.41158
2025,Granel Líquido e Gasoso,"27-Combustíveis minerais, óleos minerais e produtos da sua destilação; matérias betuminosas; ceras minerais",Brasil,ZEE/Plat. Continental,-,Bacia Sedimentar de Santos,Brasil,BA,Madre de Deus,Terminal Aquaviário de Madre de Deus,14511003766.5731
2025,Granel Líquido e Gasoso,"27-Combustíveis minerais, óleos minerais e produtos da sua destilação; matérias betuminosas; ceras minerais",Brasil,ZEE/Plat. Continental,-,Bacia Sedimentar de Santos,Brasil,SC,São Francisco do Sul,Terminal Aquaviário de São Francisco do Sul,7308091556.668497
2025,Granel Líquido e Gasoso,"27-Combustíveis minerais, óleos minerais e produtos da sua destilação; matérias betuminosas; ceras minerais",Brasil,ZEE/Plat. Continental,-,Bacia Sedimentar de Santos,Brasil,SP,São Sebastião,Terminal Aquaviário de São Sebastião (Almirante Barroso),6291913084.476778
2025,Granel Líquido e Gasoso,"27-Combustíveis minerais, óleos minerais e produtos da sua destilação; matérias betuminosas; ceras minerais",Brasil,ZEE/Plat. Continental,-,Bacia Sedimentar de Santos,Brasil,RS,Osório,Terminal Aquaviário de Osório,5140118160.101399
2025,Granel Líquido e Gasoso,"27-Combustíveis minerais, óleos minerais e produtos da sua destilação; matérias betuminosas; ceras minerais",Brasil,ZEE/Plat. Continental,-,Bacia Sedimentar de Santos,Brasil,RJ,Rio de Janeiro,Terminal Aquaviário da Ilha D'Água,3280358349.117602
2025,Granel Líquido e Gasoso,"27-Combustíveis minerais, óleos minerais e produtos da sua destilação; matérias betuminosas; ceras minerais",Brasil,ZEE/Plat. Continental,-,Bacia Sedimentar de Santos,Brasil,PE,Ipojuca,Suape,1298020640.50477
2025,Granel Líquido e Gasoso,"27-Combustíveis minerais, óleos minerais e produtos da sua destilação; matérias betuminosas; ceras minerais",Brasil,ZEE/Plat. Continental,-,Bacia Sedimentar Pernambuco-Paraíba,Brasil,SP,São Sebastião,Terminal Aquaviário de São Sebastião (Almirante Barroso),94398872.89020002
2025,Granel Líquido e Gasoso,"27-Combustíveis minerais, óleos minerais e produtos da sua destilação; matérias betuminosas; ceras minerais",Brasil,ZEE/Plat. Continental,-,FPSO Cidade de Angra dos Reis,Brasil,SP,São Sebastião,Terminal Aquaviário de São Sebastião (Almirante Barroso),62011730.4
2025,Granel Líquido e Gasoso,"27-Combustíveis minerais, óleos minerais e produtos da sua destilação; matérias betuminosas; ceras minerais",Brasil,ZEE/Plat. Continental,-,FPSO Cidade de Ilha Bela,Brasil,SP,São Sebastião,Terminal Aquaviário de São Sebastião (Almirante Barroso),26259910.77824
2025,Granel Líquido e Gasoso,"27-Combustíveis minerais, óleos minerais e produtos da sua destilação; matérias betuminosas; ceras minerais",Brasil,ZEE/Plat. Continental,-,FPSO Cidade de Mangaratiba,Brasil,SP,São Sebastião,Terminal Aquaviário de São Sebastião (Almirante Barroso),341051010.11444
2025,Granel Líquido e Gasoso,"27-Combustíveis minerais, óleos minerais e produtos da sua destilação; matérias betuminosas; ceras minerais",Brasil,ZEE/Plat. Continental,-,FPSO Cidade de Maricá,Brasil,SP,São Sebastião,Terminal Aquaviário de São Sebastião (Almirante Barroso),597711213.6
2025,Granel Líquido e Gasoso,"27-Combustíveis minerais, óleos minerais e produtos da sua destilação; matérias betuminosas; ceras minerais",Brasil,ZEE/Plat. Continental,-,FPSO Cidade de Paraty,Brasil,SP,São Sebastião,Terminal Aquaviário de São Sebastião (Almirante Barroso),388316822.12874
2025,Granel Líquido e Gasoso,"27-Combustíveis minerais, óleos minerais e produtos da sua destilação; matérias betuminosas; ceras minerais",Brasil,ZEE/Plat. Continental,-,FPSO Cidade de Sao Paulo,Brasil,SP,São Sebastião,Terminal Aquaviário de São Sebastião (Almirante Barroso),254307912
2025,Granel Líquido e Gasoso,"27-Combustíveis minerais, óleos minerais e produtos da sua destilação; matérias betuminosas; ceras minerais",Brasil,ZEE/Plat. Continental,-,FPSO Cidade de Saquarema,Brasil,SP,São Sebastião,Terminal Aquaviário de São Sebastião (Almirante Barroso),422605890
2025,Granel Líquido e Gasoso,"27-Combustíveis minerais, óleos minerais e produtos da sua destilação; matérias betuminosas; ceras minerais",Brasil,ZEE/Plat. Continental,-,FPSO Espírito Santo,Brasil,PE,Ipojuca,Suape,6090074341.406999
2025,Granel Líquido e Gasoso,"27-Combustíveis minerais, óleos minerais e produtos da sua destilação; matérias betuminosas; ceras minerais",Brasil,ZEE/Plat. Continental,-,FPSO Espírito Santo,Brasil,RS,Osório,Terminal Aquaviário de Osório,1044600667.306
2025,Granel Líquido e Gasoso,"27-Combustíveis minerais, óleos minerais e produtos da sua destilação; matérias betuminosas; ceras minerais",Brasil,ZEE/Plat. Continental,-,FPSO Espírito Santo,Brasil,SC,São Francisco do Sul,Terminal Aquaviário de São Francisco do Sul,200989341.7776
2025,Granel Líquido e Gasoso,"27-Combustíveis minerais, óleos minerais e produtos da sua destilação; matérias betuminosas; ceras minerais",Brasil,ZEE/Plat. Continental,-,FPSO Espírito Santo,Brasil,RJ,Rio de Janeiro,Terminal Aquaviário da Ilha D'Água,146317546.375
2025,Granel Líquido e Gasoso,"27-Combustíveis minerais, óleos minerais e produtos da sua destilação; matérias betuminosas; ceras minerais",Brasil,ZEE/Plat. Continental,-,FPSO Espírito Santo,Brasil,BA,Madre de Deus,Terminal Aquaviário de Madre de Deus,116176414.0572
2025,Granel Líquido e Gasoso,"27-Combustíveis minerais, óleos minerais e produtos da sua destilação; matérias betuminosas; ceras minerais",Brasil,ZEE/Plat. Continental,-,FPSO PIONEIRO DE LIBRA,Brasil,SP,São Sebastião,Terminal Aquaviário de São Sebastião (Almirante Barroso),194711758
2025,Granel Líquido e Gasoso,"27-Combustíveis minerais, óleos minerais e produtos da sua destilação; matérias betuminosas; ceras minerais",-,-,-,-,-,-,-,-,0
2025,Granel Líquido e Gasoso,"28-Produtos químicos inorgânicos; compostos inorgânicos ou orgânicos de metais preciosos, de elementos radioativos, de metais das terras raras ou de isótopos",Brasil,AL,Maceió,Maceió,Brasil,SP,Guarujá,Santos,403556985.1519601
2025,Granel Líquido e Gasoso,"28-Produtos químicos inorgânicos; compostos inorgânicos ou orgânicos de metais preciosos, de elementos radioativos, de metais das terras raras ou de isótopos",Brasil,AL,Maceió,Maceió,Brasil,ES,Vitória,Vitória,47292424.53696
2025,Granel Líquido e Gasoso,"28-Produtos químicos inorgânicos; compostos inorgânicos ou orgânicos de metais preciosos, de elementos radioativos, de metais das terras raras ou de isótopos",Brasil,AL,Maceió,Maceió,Brasil,BA,Candeias,Aratu,734269.9050399999
2025,Granel Líquido e Gasoso,"28-Produtos químicos inorgânicos; compostos inorgânicos ou orgânicos de metais preciosos, de elementos radioativos, de metais das terras raras ou de isótopos",Brasil,BA,Candeias,Aratu,Brasil,SP,Guarujá,Santos,364547514.3408
2025,Granel Líquido e Gasoso,"28-Produtos químicos inorgânicos; compostos inorgânicos ou orgânicos de metais preciosos, de elementos radioativos, de metais das terras raras ou de isótopos",Brasil,BA,Candeias,Aratu,Brasil,SP,Guarujá,Terminal Marítimo Dow,244479683.7
2025,Granel Líquido e Gasoso,"28-Produtos químicos inorgânicos; compostos inorgânicos ou orgânicos de metais preciosos, de elementos radioativos, de metais das terras raras ou de isótopos",Brasil,BA,Candeias,Aratu,Brasil,RS,Rio Grande,Rio Grande,29886977.0034
2025,Granel Líquido e Gasoso,"28-Produtos químicos inorgânicos; compostos inorgânicos ou orgânicos de metais preciosos, de elementos radioativos, de metais das terras raras ou de isótopos",Brasil,PR,Paranaguá,Paranaguá,Brasil,SP,Guarujá,Santos,1059337.89576
2025,Granel Líquido e Gasoso,"28-Produtos químicos inorgânicos; compostos inorgânicos ou orgânicos de metais preciosos, de elementos radioativos, de metais das terras raras ou de isótopos",Brasil,SP,-,Brasbunker,Brasil,SC,Itajaí,Poly Terminais Portuários,2273700.86232
2025,Granel Líquido e Gasoso,"28-Produtos químicos inorgânicos; compostos inorgânicos ou orgânicos de metais preciosos, de elementos radioativos, de metais das terras raras ou de isótopos",Brasil,SP,Guarujá,Santos,Brasil,ES,Vitória,Vitória,48276570.13515
2025,Granel Líquido e Gasoso,"28-Produtos químicos inorgânicos; compostos inorgânicos ou orgânicos de metais preciosos, de elementos radioativos, de metais das terras raras ou de isótopos",-,-,-,-,-,-,-,-,0
2025,Granel Líquido e Gasoso,29-Produtos químicos orgânicos,Brasil,AL,Maceió,Maceió,Brasil,BA,Candeias,Aratu,6508046.268079997
2025,Granel Líquido e Gasoso,29-Produtos químicos orgânicos,Brasil,AL,Maceió,Maceió,Brasil,SP,Guarujá,Santos,3225346.71796
2025,Granel Líquido e Gasoso,29-Produtos químicos orgânicos,Brasil,BA,Candeias,Aratu,Brasil,SP,Guarujá,Terminal Marítimo Dow,217734103.35
2025,Granel Líquido e Gasoso,29-Produtos químicos orgânicos,Brasil,BA,Candeias,Aratu,Brasil,SP,Guarujá,Santos,192668438.9835
2025,Granel Líquido e Gasoso,29-Produtos químicos orgânicos,Brasil,BA,Candeias,Aratu,Brasil,RJ,Duque de Caxias,Terminal Marítimo Braskem,178662877.17024
2025,Granel Líquido e Gasoso,29-Produtos químicos orgânicos,Brasil,BA,Candeias,Aratu,Brasil,RS,Rio Grande,Rio Grande,124857146.0367
2025,Granel Líquido e Gasoso,29-Produtos químicos orgânicos,Brasil,BA,Candeias,Aratu,Brasil,PE,Ipojuca,Suape,93538952.34115002
2025,Granel Líquido e Gasoso,29-Produtos químicos orgânicos,Brasil,BA,Candeias,Aratu,Brasil,AL,Maceió,Terminal Braskem,2096266.760559999
2025,Granel Líquido e Gasoso,29-Produtos químicos orgânicos,Brasil,RJ,Rio de Janeiro,Rio de Janeiro,Brasil,SP,Guarujá,Santos,46.295
2025,Granel Líquido e Gasoso,29-Produtos químicos orgânicos,Brasil,SP,Guarujá,Santos,Brasil,BA,Candeias,Aratu,5826123.996749999
2025,Granel Líquido e Gasoso,29-Produtos químicos orgânicos,-,-,-,-,-,-,-,-,0
2025,Granel Líquido e Gasoso,31-Adubos (fertilizantes),-,-,-,-,-,-,-,-,0
2025,Granel Líquido e Gasoso,"34-Sabões, agentes orgânicos de superfície, preparações para lavagem, preparações lubrificantes, ceras artificiais, ceras preparadas, produtos de conservação e limpeza, velas e artigos semelhantes, massas ou pastas para modelar, ""ceras"" para dentistas e Comp",-,-,-,-,-,-,-,-,0
2025,Granel Líquido e Gasoso,38-Produtos diversos das indústrias químicas,Brasil,RS,Rio Grande,Rio Grande,Brasil,PE,Ipojuca,Suape,442858593.52152
2025,Granel Líquido e Gasoso,38-Produtos diversos das indústrias químicas,-,-,-,-,-,-,-,-,0
2025,Granel Líquido e Gasoso,39-Plásticos e suas obras,Brasil,BA,Candeias,Aratu,Brasil,SP,Guarujá,Terminal Marítimo Dow,1704106.35
2025,Granel Líquido e Gasoso,39-Plásticos e suas obras,Brasil,SP,Guarujá,Terminal Marítimo Dow,Brasil,BA,Candeias,Terminal Marítimo Dow Aratu - Bahia,24618235.26240001
2025,Granel Líquido e Gasoso,39-Plásticos e suas obras,-,-,-,-,-,-,-,-,0
2025,Granel Líquido e Gasoso,"72-Ferro fundido, ferro e aço",-,-,-,-,-,-,-,-,0
2025,Granel Líquido e Gasoso,89-Embarcações e estruturas flutuantes,-,-,-,-,-,-,-,-,0
2025,Granel Líquido e Gasoso,99-Transações especiais,-,-,-,-,-,-,-,-,0
2025,Granel Líquido e Gasoso,AF-Água de formação,Brasil,RJ,Rio de Janeiro,Terminal Aquaviário da Ilha D'Água,Brasil,RJ,Angra dos Reis,Terminal Aquaviário de Angra dos Reis,12367941.18101
2025,Granel Líquido e Gasoso,AF-Água de formação,Brasil,ZEE/Plat. Continental,-,FPSO Brasil,Brasil,RJ,Angra dos Reis,Terminal Aquaviário de Angra dos Reis,9988445.23632
2025,Granel Líquido e Gasoso,AF-Água de formação,Brasil,ZEE/Plat. Continental,-,FPSO Espírito Santo,Brasil,RJ,Angra dos Reis,Terminal Aquaviário de Angra dos Reis,9770883.175480001
2025,Granel Líquido e Gasoso,AF-Água de formação,-,-,-,-,-,-,-,-,0
2025,Granel Líquido e Gasoso,CA-Carga de Apoio,Brasil,MA,São Luís,Terminal Portuário Privativo da Alumar,Brasil,PA,Belém,Belém,10.9667
2025,Granel Líquido e Gasoso,CA-Carga de Apoio,Brasil,RJ,Angra dos Reis,Angra dos Reis,Brasil,RJ,Rio de Janeiro,Rio de Janeiro,54547.5
2025,Granel Líquido e Gasoso,CA-Carga de Apoio,-,-,-,-,-,-,-,-,0
2025,Granel Sólido,"07-Produtos hortícolas, plantas, raízes e tubérculos, comestíveis.",-,-,-,-,-,-,-,-,0
2025,Granel Sólido,08-Frutas; cascas de frutos cítricos e de melões,-,-,-,-,-,-,-,-,0
2025,Granel Sólido,10-Cereais,Brasil,BA,Salvador,Salvador,Brasil,CE,Fortaleza,Fortaleza,51325909.00880001
2025,Granel Sólido,10-Cereais,Brasil,PB,Cabedelo,Cabedelo,Brasil,CE,Fortaleza,Fortaleza,12077513.6538
2025,Granel Sólido,10-Cereais,Brasil,RN,Natal,Natal,Brasil,CE,Fortaleza,Fortaleza,29980648.1092
2025,Granel Sólido,10-Cereais,-,-,-,-,-,-,-,-,0
2025,Granel Sólido,11-Produtos da indústria de moagem; malte; amidos e féculas; inulina; glúten de trigo,-,-,-,-,-,-,-,-,0
2025,Granel Sólido,"12-Sementes e frutos oleaginosos; grãos, sementes e frutos diversos; plantas industriais ou medicinais; palhas e forragens",Brasil,PE,Recife,Recife,Brasil,RS,Rio Grande,Terminal Portuário Bunge Alimentos,0
2025,Granel Sólido,"12-Sementes e frutos oleaginosos; grãos, sementes e frutos diversos; plantas industriais ou medicinais; palhas e forragens",-,-,-,-,-,-,-,-,0
2025,Granel Sólido,"13-Gomas, resinas e outros sucos e extratos vegetais",-,-,-,-,-,-,-,-,0
2025,Granel Sólido,15-Gorduras e óleos animais ou vegetais; produtos da sua dissociação; gorduras alimentares elaboradas; ceras de origem animal ou vegetal,-,-,-,-,-,-,-,-,0
2025,Granel Sólido,17-Açúcares e produtos de confeitaria,-,-,-,-,-,-,-,-,0
2025,Granel Sólido,"20-Preparações de produtos hortícolas, de frutas ou de outras partes de plantas",-,-,-,-,-,-,-,-,0
2025,Granel Sólido,21-Preparações alimentícias diversas,-,-,-,-,-,-,-,-,0
2025,Granel Sólido,"22-Bebidas, líquidos alcoólicos e vinagres",-,-,-,-,-,-,-,-,0
2025,Granel Sólido,23-Resíduos e desperdícios das indústrias alimentares; alimentos preparados para animais,-,-,-,-,-,-,-,-,0
2025,Granel Sólido,24-Tabaco e seus sucedâneos manufaturados,-,-,-,-,-,-,-,-,0
2025,Granel Sólido,"25-Sal; enxofre; terras e pedras; gesso, cal e cimento",Brasil,CE,Fortaleza,Fortaleza,Brasil,PA,Belém,Belém,294859604.798
2025,Granel Sólido,"25-Sal; enxofre; terras e pedras; gesso, cal e cimento",Brasil,RN,Areia Branca,Areia Branca,Brasil,SP,Guarujá,Santos,1523089285.8
2025,Granel Sólido,"25-Sal; enxofre; terras e pedras; gesso, cal e cimento",Brasil,RN,Areia Branca,Areia Branca,Brasil,ES,Aracruz,Portocel - Terminal Especializado de Barra do Riacho,216292469.327
2025,Granel Sólido,"25-Sal; enxofre; terras e pedras; gesso, cal e cimento",Brasil,RN,Areia Branca,Areia Branca,Brasil,RJ,Rio de Janeiro,Rio de Janeiro,167117720
2025,Granel Sólido,"25-Sal; enxofre; terras e pedras; gesso, cal e cimento",Brasil,RN,Areia Branca,Areia Branca,Brasil,PR,Paranaguá,Paranaguá,157777922.1116
2025,Granel Sólido,"25-Sal; enxofre; terras e pedras; gesso, cal e cimento",Brasil,RN,Areia Branca,Areia Branca,Brasil,RS,Porto Alegre,Porto Alegre,64833563.05379999
2025,Granel Sólido,"25-Sal; enxofre; terras e pedras; gesso, cal e cimento",Brasil,RN,Galinhos,Terminal de Embarque Marítimo da Salina Diamante Branco,Brasil,RN,Areia Branca,Areia Branca,68317501.79999998
2025,Granel Sólido,"25-Sal; enxofre; terras e pedras; gesso, cal e cimento",Brasil,RN,Macau,Terminal de Uso Privado de Macau,Brasil,RN,Areia Branca,Areia Branca,34908783.69999998
2025,Granel Sólido,"25-Sal; enxofre; terras e pedras; gesso, cal e cimento",Brasil,RN,Mossoró,Tup da Salina Francisco Menescal,Brasil,RN,Areia Branca,Areia Branca,50531960.13699996
2025,Granel Sólido,"25-Sal; enxofre; terras e pedras; gesso, cal e cimento",Brasil,RN,Mossoró,TUP da Salina Guanabara,Brasil,RN,Areia Branca,Areia Branca,29486610.089
2025,Granel Sólido,"25-Sal; enxofre; terras e pedras; gesso, cal e cimento",Brasil,SC,São Francisco do Sul,São Francisco do Sul,Brasil,AL,Maceió,Maceió,81938998.59222999
2025,Granel Sólido,"25-Sal; enxofre; terras e pedras; gesso, cal e cimento",Brasil,SE,Barra dos Coqueiros,Terminal Marítimo Inácio Barbosa - TMIB,Brasil,AM,Manaus,Cimento Vencemos,1304449205.474881
2025,Granel Sólido,"25-Sal; enxofre; terras e pedras; gesso, cal e cimento",-,-,-,-,-,-,-,-,0
2025,Granel Sólido,"26-Minerios, escórias e cinzas",Brasil,ES,Vitória,Vitória,Brasil,CE,São Gonçalo do Amarante,Terminal Portuário do Pecém,3909728648.951952
2025,Granel Sólido,"26-Minerios, escórias e cinzas",Brasil,ES,Vitória,Vitória,Brasil,RJ,Rio de Janeiro,Terminal TKCSA,189602875.49
2025,Granel Sólido,"26-Minerios, escórias e cinzas",Brasil,ES,Vitória,Vitória,Brasil,RJ,Itaguaí,Itaguaí,87130403.59
2025,Granel Sólido,"26-Minerios, escórias e cinzas",Brasil,MA,São Luís,Terminal Marítimo de Ponta da Madeira,Brasil,CE,São Gonçalo do Amarante,Terminal Portuário do Pecém,1827430368.63288
2025,Granel Sólido,"26-Minerios, escórias e cinzas",Brasil,MA,São Luís,Terminal Marítimo de Ponta da Madeira,Brasil,ES,Vitória,Terminal de Praia Mole,1506241440
2025,Granel Sólido,"26-Minerios, escórias e cinzas",Brasil,PA,Juruti,Terminal Fluvial de Juruti,Brasil,MA,São Luís,Terminal Portuário Privativo da Alumar,16076536723.54
2025,Granel Sólido,"26-Minerios, escórias e cinzas",Brasil,PA,Oriximiná,Terminal Trombetas,Brasil,PA,Barcarena,Vila do Conde,10484065973.6539
2025,Granel Sólido,"26-Minerios, escórias e cinzas",Brasil,PA,Oriximiná,Terminal Trombetas,Brasil,MA,São Luís,Terminal Portuário Privativo da Alumar,5767117108.9
2025,Granel Sólido,"26-Minerios, escórias e cinzas",Brasil,RN,Areia Branca,Salinas (Rio Grande do Norte),Brasil,BA,Candeias,Aratu,7683300
2025,Granel Sólido,"26-Minerios, escórias e cinzas",Brasil,SC,Imbituba,Imbituba,Brasil,SP,São Sebastião,São Sebastião,1202219.8227
2025,Granel Sólido,"26-Minerios, escórias e cinzas",-,-,-,-,-,-,-,-,0
2025,Granel Sólido,"27-Combustíveis minerais, óleos minerais e produtos da sua destilação; matérias betuminosas; ceras minerais",Brasil,CE,Fortaleza,Fortaleza,Brasil,ES,Vitória,Terminal de Praia Mole,145149001.8823
2025,Granel Sólido,"27-Combustíveis minerais, óleos minerais e produtos da sua destilação; matérias betuminosas; ceras minerais",Brasil,CE,São Gonçalo do Amarante,Terminal Portuário do Pecém,Brasil,ES,Vitória,Vitória,331785418.3851
2025,Granel Sólido,"27-Combustíveis minerais, óleos minerais e produtos da sua destilação; matérias betuminosas; ceras minerais",Brasil,PA,Barcarena,Vila do Conde,Brasil,CE,Fortaleza,Fortaleza,24202425.56762
2025,Granel Sólido,"27-Combustíveis minerais, óleos minerais e produtos da sua destilação; matérias betuminosas; ceras minerais",Brasil,PA,Belém,Belém,Brasil,CE,Fortaleza,Fortaleza,19641063.89168
2025,Granel Sólido,"27-Combustíveis minerais, óleos minerais e produtos da sua destilação; matérias betuminosas; ceras minerais",Brasil,SC,Imbituba,Imbituba,Brasil,MA,São Luís,Terminal Portuário Privativo da Alumar,207402561.3433
2025,Granel Sólido,"27-Combustíveis minerais, óleos minerais e produtos da sua destilação; matérias betuminosas; ceras minerais",Brasil,SP,São Sebastião,São Sebastião,Brasil,MA,São Luís,Terminal Portuário Privativo da Alumar,139040968.235
2025,Granel Sólido,"27-Combustíveis minerais, óleos minerais e produtos da sua destilação; matérias betuminosas; ceras minerais",Brasil,ZEE/Plat. Continental,-,Bacia Sedimentar de Santos,Brasil,RJ,Angra dos Reis,Terminal Aquaviário de Angra dos Reis,69312753.4684
2025,Granel Sólido,"27-Combustíveis minerais, óleos minerais e produtos da sua destilação; matérias betuminosas; ceras minerais",-,-,-,-,-,-,-,-,0
2025,Granel Sólido,"28-Produtos químicos inorgânicos; compostos inorgânicos ou orgânicos de metais preciosos, de elementos radioativos, de metais das terras raras ou de isótopos",Brasil,PA,Barcarena,Vila do Conde,Brasil,SC,Imbituba,Imbituba,172166053.6888
2025,Granel Sólido,"28-Produtos químicos inorgânicos; compostos inorgânicos ou orgânicos de metais preciosos, de elementos radioativos, de metais das terras raras ou de isótopos",Brasil,PA,Barcarena,Vila do Conde,Brasil,SP,São Sebastião,São Sebastião,152002682.0928
2025,Granel Sólido,"28-Produtos químicos inorgânicos; compostos inorgânicos ou orgânicos de metais preciosos, de elementos radioativos, de metais das terras raras ou de isótopos",-,-,-,-,-,-,-,-,0
2025,Granel Sólido,29-Produtos químicos orgânicos,-,-,-,-,-,-,-,-,0
2025,Granel Sólido,31-Adubos (fertilizantes),Brasil,AL,Maceió,Maceió,Brasil,SP,Guarujá,Santos,21595103.78
2025,Granel Sólido,31-Adubos (fertilizantes),Brasil,BA,Candeias,Aratu,Brasil,SP,Guarujá,Santos,103835115
2025,Granel Sólido,31-Adubos (fertilizantes),Brasil,BA,Salvador,Salvador,Brasil,SP,Guarujá,Santos,11470593.75
2025,Granel Sólido,31-Adubos (fertilizantes),Brasil,CE,São Gonçalo do Amarante,Terminal Portuário do Pecém,Brasil,SP,Guarujá,Santos,90529087.40099999
2025,Granel Sólido,31-Adubos (fertilizantes),Brasil,ES,Vitória,Vitória,Brasil,SP,Guarujá,Santos,40029218.6301
2025,Granel Sólido,31-Adubos (fertilizantes),Brasil,MA,São Luís,Itaqui,Brasil,PA,Santarém,Santarém,247899591.45744
2025,Granel Sólido,31-Adubos (fertilizantes),Brasil,MA,São Luís,Itaqui,Brasil,SP,Guarujá,Santos,143209500
2025,Granel Sólido,31-Adubos (fertilizantes),Brasil,PR,Paranaguá,Paranaguá,Brasil,SP,Guarujá,Santos,6196692.24
2025,Granel Sólido,31-Adubos (fertilizantes),Brasil,SE,Aracaju,Terminal Aquaviário de Aracaju,Brasil,RS,Rio Grande,Rio Grande,65456479.8636
2025,Granel Sólido,31-Adubos (fertilizantes),Brasil,SP,Guarujá,Santos,Brasil,RS,Rio Grande,Rio Grande,4442192.789899999
2025,Granel Sólido,31-Adubos (fertilizantes),Brasil,ZEE/Plat. Continental,-,Bacia Sedimentar de Camamu-Almada,Brasil,BA,Salvador,Salvador,3289037.7564
2025,Granel Sólido,31-Adubos (fertilizantes),-,-,-,-,-,-,-,-,0
2025,Granel Sólido,38-Produtos diversos das indústrias químicas,Brasil,CE,Fortaleza,Fortaleza,Brasil,AM,Manaus,Porto Chibatão,120237441.4917
2025,Granel Sólido,38-Produtos diversos das indústrias químicas,-,-,-,-,-,-,-,-,0
2025,Granel Sólido,39-Plásticos e suas obras,Brasil,SP,Guarujá,Terminal Marítimo Dow,Brasil,BA,Candeias,Terminal Marítimo Dow Aratu - Bahia,567499.5675
2025,Granel Sólido,39-Plásticos e suas obras,-,-,-,-,-,-,-,-,0
2025,Granel Sólido,"44-Madeira, carvão vegetal e obras de madeira",-,-,-,-,-,-,-,-,0
2025,Granel Sólido,53-Outras fibras têxteis vegetais; fios de papel e tecidos de fios de papel,-,-,-,-,-,-,-,-,0
2025,Granel Sólido,"63-Outros artefatos têxteis confeccionados; sortidos; artefatos de matérias têxteis, calçados, chapéus e artefatos de uso semelhante, usados; trapos",-,-,-,-,-,-,-,-,0
2025,Granel Sólido,"72-Ferro fundido, ferro e aço",-,-,-,-,-,-,-,-,0
2025,Granel Sólido,"73-Obras de ferro fundido, ferro ou aço",-,-,-,-,-,-,-,-,0
2025,Granel Sólido,81-Outros metais comuns; ceramais (cermets); obras dessas matérias,-,-,-,-,-,-,-,-,0
2025,Granel Sólido,83-Obras diversas de metais comuns,-,-,-,-,-,-,-,-,0
2025,Granel Sólido,"84-Reatores nucleares, caldeiras, máquinas, aparelhos e instrumentos mecânicos, e suas partes",-,-,-,-,-,-,-,-,0
2025,Granel Sólido,"85-Máquinas, aparelhos e materiais elétricos, e suas partes; aparelhos de gravação ou de reprodução de som, aparelhos de gravação ou de reprodução de imagens e de som em televisão, e suas partes e acessórios",-,-,-,-,-,-,-,-,0
2025,Granel Sólido,"86-Veículos e material para vias férreas ou semelhantes, e suas partes; aparelhos mecânicos (incluindo os eletromecânicos) de sinalização para vias de comunicação",-,-,-,-,-,-,-,-,0
2025,Granel Sólido,89-Embarcações e estruturas flutuantes,-,-,-,-,-,-,-,-,0
2025,Granel Sólido,CA-Carga de Apoio,-,-,-,-,-,-,-,-,0
